id,SpaceType,SpaceType_1,Area,Vol,Level,H,Orien,Nef,Aef,Lef,Naz,Apw,Lpw,Q50,Wa,WWR,Occ,AefV,AefA,Tin,DT,Hum,ACH,PM25,IO,F,Q4
301_BS_O_O01,Offices,Shared Cellular Offices,24,90,-1,3.75,5,1,22.5,0.00759,3,55.5,0.02775,12,7.88,0.35,5,0.25,0.9375,18.59,11.39,0.00545,0.707,13.625,0.665,63.63,2.828
301_BS_O_O02,Offices,Shared Cellular Offices,12,45,-1,3.75,5,1,11.25,0.0038,4,41.25,0.02063,12,3.37,0.3,3,0.25,0.9375,18.73,11.52,0.00543,0.648,13.621,0.665,29.16,2.592
301_BS_O_O03,Offices,Shared Cellular Offices,10,37.5,-1,3.75,5,1,9.37,0.00316,4,39.38,0.01969,12,2.25,0.24,2,0.2499,0.937,18.14,10.93,0.00531,0.61,14.062,0.686,22.875,2.441302028
301_BS_O_O04,Offices,Shared Cellular Offices,16.5,61.88,-1,3.75,5,1,11.25,0.0038,3,52.5,0.02625,12,3.37,0.3,4,0.1818,0.6818,18.34,11.13,0.00533,0.441,13.8,0.673,27.28908,2.425696
301_BS_O_O05,Offices,Shared Cellular Offices,24.75,92.81,-1,3.75,320,2,20.63,0.00696,3,54.38,0.02719,12,6.75,0.327,5,0.2223,0.8336,18.16,10.95,0.00532,0.787,13.918,0.679,73.04147,3.540546292
301_BS_O_O06,Offices,Shared Cellular Offices,24.75,92.81,-1,3.75,230,2,37.5,0.01266,2,37.5,0.01875,12,3.37,0.09,5,0.4041,1.5152,18.28,11.07,0.00527,1.876,14.685,0.717,174.11156,4.642974933
301_F0_EF_LR01,Educational Facilities,Lecture Rooms,24,90,0,3.75,140,2,33.75,0.01139,3,37.5,0.01875,12,5.63,0.167,10,0.375,1.4063,21.6,14.39,0.00541,1.427,13.94,0.68,128.43,3.805333333
301_F0_EF_LR02,Educational Facilities,Lecture Rooms,44,165,0,3.75,140,2,50.63,0.01709,3,50.63,0.02531,12,5.63,0.111,18,0.3068,1.1507,20.03,12.82,0.0053,1.758,15.294,0.746,290.07,5.72921193
301_F0_EF_SR01,Educational Facilities,Study Rooms,119,446.25,0,3.75,320,2,71.25,0.02405,9,120,0.06,12,37.13,0.521,48,0.1597,0.5987,16.95,9.74,0.0052,0.261,16.015,0.782,116.47125,1.634684211
301_F0_EF_W01,Educational Facilities,Workshops,63.75,239.06,0,3.75,50,2,48.75,0.01645,6,71.25,0.03563,12,15.75,0.323,25,0.2039,0.7647,13.63,6.42,0.00507,0.223,17.796,0.869,53.31038,1.093546256
301_F0_O_O01,Offices,Shared Cellular Offices,24,90,0,3.75,185,1,22.5,0.00759,3,52.5,0.02625,12,5.62,0.25,5,0.25,0.9375,22.67,15.46,0.0054,1.192,13.726,0.67,107.28,4.768
301_F0_O_O02,Offices,Shared Cellular Offices,19.25,72.19,0,3.75,275,1,20.63,0.00696,3,46.88,0.02344,12,3.94,0.191,4,0.2858,1.0717,18.18,10.97,0.00524,1.959,15.675,0.765,141.42021,6.855075618
301_F1_EF_SR01,Educational Facilities,Study Rooms,99,371.25,1,3.75,140,2,52.5,0.01772,6,120,0.06,12,5.63,0.107,40,0.1414,0.5303,21.59,14.38,0.00553,0.222,13.113,0.64,82.4175,1.569857143
301_F1_EF_SR02,Educational Facilities,Study Rooms,40.5,151.87,1,3.75,50,2,46.88,0.01582,3,54.38,0.02719,12,16.88,0.36,16,0.3087,1.1576,19.22,12.02,0.00561,0.187,12.017,0.586,28.39969,0.605795435
301_F1_EF_SR03,Educational Facilities,Study Rooms,33.75,126.56,1,3.75,5,1,28.13,0.00949,3,61.88,0.03094,12,13.5,0.48,13,0.2223,0.8335,19.51,12.3,0.00558,0.175,11.665,0.569,22.148,0.787344472
301_F1_O_O01,Offices,Shared Cellular Offices,19.25,72.19,1,3.75,275,1,20.63,0.00696,4,46.88,0.02344,12,3.94,0.191,4,0.2858,1.0717,21.39,14.19,0.00631,1.441,9.059,0.442,104.02579,5.042452254
301_F1_O_O02,Offices,Shared Cellular Offices,8.75,32.81,1,3.75,275,1,9.37,0.00316,3,35.63,0.01781,12,0,0,2,0.2856,1.0709,21.42,14.21,0.00541,1.556,12.843,0.627,51.05236,5.448490928
301_F1_O_O03,Offices,Shared Cellular Offices,13.5,50.63,1,3.75,230,2,28.13,0.00949,3,28.13,0.01406,12,2.81,0.1,3,0.5556,2.0835,22.08,14.87,0.00536,2.368,13.326,0.65,119.89184,4.262063278
301_F1_O_O04,Offices,Shared Cellular Offices,10.5,39.38,1,3.75,185,1,13.12,0.00443,3,26.25,0.01313,12,2.81,0.214,2,0.3332,1.2494,23.05,15.84,0.0054,1.147,13.029,0.636,45.16886,3.442748476
301_F1_O_O05,Offices,Shared Cellular Offices,14,52.5,1,3.75,185,1,13.12,0.00443,4,43.13,0.02156,12,2.81,0.214,3,0.2499,0.9371,23.19,15.98,0.00544,0.856,13.662,0.667,44.94,3.425304878
301_F1_O_O06,Offices,Shared Cellular Offices,12,45,1,3.75,185,1,11.25,0.0038,3,41.25,0.02063,12,2.81,0.25,3,0.25,0.9375,24.33,17.12,0.00549,0.846,13.288,0.649,38.07,3.384
301_F1_O_O07,Offices,Shared Cellular Offices,10,37.5,1,3.75,185,1,9.37,0.00316,3,39.38,0.01969,12,2.81,0.3,2,0.2499,0.937,24.56,17.35,0.00548,0.844,13.335,0.651,31.65,3.377801494
301_F1_O_O08,Offices,Shared Cellular Offices,14,52.5,1,3.75,185,1,13.12,0.00443,3,43.13,0.02156,12,2.81,0.214,3,0.2499,0.9371,23.26,16.05,0.00543,0.856,13.635,0.665,44.94,3.425304878
301_F1_O_O09,Offices,Shared Cellular Offices,10.5,39.38,1,3.75,5,1,13.12,0.00443,3,35.63,0.01781,12,4.5,0.343,2,0.3332,1.2494,19.27,12.06,0.00553,0.239,11.799,0.576,9.41182,0.717364329
301_F1_O_O10,Offices,Shared Cellular Offices,10.5,39.38,1,3.75,5,1,13.13,0.00443,3,35.63,0.01781,12,4.5,0.343,2,0.3334,1.2503,19.24,12.03,0.00552,0.264,11.915,0.582,10.39632,0.791798934
301_F1_O_O11,Offices,Shared Cellular Offices,13.5,50.62,1,3.75,5,1,11.25,0.0038,4,45,0.0225,12,3.38,0.3,3,0.2222,0.8334,19.22,12.01,0.00557,0.176,11.922,0.582,8.90912,0.791921778
BH_F0_O_M01,Meeting Room ,Meeting Rooms ,49.4,148.2,0,3,195,2,48,0.0192,5,43.2,0.01728,13,4.5,0.094,49,0.3239,0.9717,21.11,13.9,0.00723,1.702,14.858,0.725,252.2364,5.254925
BH_F0_O_O01,Offices,Shared Cellular Offices,28,84,0,3,285,2,45,0.018,1,21,0.01778,13,3,0.067,6,0.5357,1.6071,18.59,11.38,0.00517,3.291,16.653,0.813,276.444,6.1432
BH_F0_O_O02,Offices,Shared Cellular Offices,20.8,62.4,0,3,150,1,12,0.0048,4,43.2,0.01032,13,1.5,0.125,5,0.1923,0.5769,22.17,14.96,0.00563,0.662,13.693,0.668,41.3088,3.4424
BH_F0_O_O03,Offices,Shared Cellular Offices,22.88,68.64,0,3,150,1,13.2,0.00528,6,44.45,0.01778,13,3,0.227,5,0.1923,0.5769,21.98,14.77,0.00579,0.662,13.64,0.666,45.43968,3.4424
BH_F0_O_O04,Offices,Shared Cellular Offices,27.28,81.84,0,3,105,2,37.8,0.01512,2,25.8,0.01032,13,3,0.079,6,0.4619,1.3856,20.34,13.14,0.0056,1.634,15.288,0.746,133.72656,3.537739683
BH_F0_O_O05,Offices,Shared Cellular Offices,13.44,40.32,0,3,60,1,12.6,0.00504,2,31.8,0.01272,13,1.5,0.119,3,0.3125,0.9375,19.2,12,0.00545,0.213,12.958,0.632,8.58816,0.6816
BH_F0_O_O06,Offices,Shared Cellular Offices,41.04,123.12,0,3,285,2,45.6,0.01824,3,32.4,0.01296,13,3,0.066,9,0.3704,1.1111,18.68,11.47,0.00537,0.944,13.766,0.672,116.22528,2.5488
BH_F1_O_O01,Offices,Shared Cellular Offices,14.4,43.2,1,3,285,2,22.8,0.00912,2,32.8,0.01312,13,1.5,0.066,3,0.5278,1.5833,18.21,11,0.00522,2.836,14.67,0.716,122.5152,5.373473684
BH_F1_O_O02,Offices,Shared Cellular Offices,14.4,43.2,1,3,330,1,12,0.0048,3,33.6,0.01344,13,1.5,0.125,3,0.2778,0.8333,19.21,12.01,0.00545,0.728,12.082,0.59,31.4496,2.6208
BH_F1_O_O03,Offices,Shared Cellular Offices,14.96,44.88,1,3,330,1,13.2,0.00528,3,32.8,0.01312,13,1.5,0.114,3,0.2941,0.8824,18.72,11.51,0.00567,0.748,10.027,0.489,33.57024,2.5432
BH_F1_O_O04,Offices,Shared Cellular Offices,11.44,34.32,1,3,150,1,13.2,0.00528,4,28.8,0.01152,13,3,0.227,3,0.3846,1.1538,23.21,16,0.00566,0.771,12.926,0.631,26.46072,2.0046
BH_F1_O_O05,Offices,Shared Cellular Offices,7.8,23.4,1,3,150,1,9,0.0036,3,24.6,0.00984,13,1.5,0.167,2,0.3846,1.1538,24.08,16.87,0.00563,0.779,13.131,0.641,18.2286,2.0254
BH_F1_O_O06,Offices,Shared Cellular Offices,10.92,32.76,1,3,195,2,16.8,0.00672,4,24.6,0.00984,13,1.5,0.089,2,0.5128,1.5385,20.4,13.2,0.00538,3.207,14.417,0.704,105.06132,6.25365
BH_F1_O_O07,Offices,Shared Cellular Offices,26.88,80.64,1,3,150,1,19.2,0.00768,4,44.4,0.01776,13,3,0.156,6,0.2381,0.7143,21.92,14.71,0.00575,0.507,12.076,0.589,40.88448,2.1294
BH_F1_O_O08,Offices,Shared Cellular Offices,27.28,81.84,1,3,105,2,37.8,0.01512,3,25.8,0.01032,13,3,0.079,6,0.4619,1.3856,20.34,13.13,0.00548,1.592,14.377,0.702,130.28928,3.446806349
BH_F1_O_O09,Offices,Shared Cellular Offices,13.44,40.32,1,3,60,1,12.6,0.00504,3,31.8,0.01272,13,1.5,0.119,3,0.3125,0.9375,18.98,11.77,0.00549,0.17,12.035,0.587,6.8544,0.544
BH_F1_O_O11,Offices,Shared Cellular Offices,19.44,58.32,1,3,105,2,17.4,0.00696,3,36.6,0.01464,13,1.5,0.086,4,0.2984,0.8951,18.61,11.41,0.0054,0.576,13.044,0.637,33.59232,1.930593103
BH_F1_O_O12,Offices,Shared Cellular Offices,21.6,64.8,1,3,30,2,28.2,0.01128,3,28.2,0.01128,13,1.5,0.053,5,0.4352,1.3056,17.81,10.6,0.00535,1.011,13.199,0.644,65.5128,2.323148936
BH_F1_O_O13,Offices,Shared Cellular Offices,23.76,71.28,1,3,285,2,45.6,0.01824,2,13.2,0.00528,13,1.5,0.033,5,0.6397,1.9192,16.92,9.71,0.00526,3.114,14.56,0.711,221.96592,4.867673684
BH_F1_O_O14,Offices,Shared Cellular Offices,13.6,40.8,1,3,195,2,22.2,0.00888,3,22.2,0.00888,13,1.5,0.068,3,0.5441,1.6324,20.04,12.83,0.00524,2.715,15.305,0.747,110.772,4.98972973
AT_BS_EF_LR01,Educational Facilities,Lecture Rooms,122.56,582.16,-1,4.75,124,2,124.45,0.04376,3,130.15,0.04577,7,0,0,82,0.2138,1.0154,19.19,11.98,0.00618,1.102,14.675,0.716,641.54032,5.15500458
AT_BS_EF_LR02,Educational Facilities,Lecture Rooms,76.8,364.8,-1,4.75,79,1,38,0.01336,3,144.4,0.05078,7,0,0,51,0.1042,0.4948,20.52,13.31,0.00732,0.278,11.716,0.572,101.4144,2.6688
AT_BS_EF_LR03,Educational Facilities,Lecture Rooms,75.44,358.34,-1,4.75,34,2,82.65,0.02906,2,82.65,0.02906,7,0,0,50,0.2306,1.0956,18.69,11.48,0.00675,0.809,13.325,0.65,289.89706,3.507526437
AT_BS_EF_LR04,Educational Facilities,Lecture Rooms,180.48,857.28,-1,4.75,34,2,140.6,0.04944,2,140.6,0.04944,7,0,0,120,0.164,0.779,17.88,10.67,0.00649,0.885,14.083,0.687,758.6928,5.396108108
AT_BS_EF_LR05,Educational Facilities,Lecture Rooms,84.48,401.28,-1,4.75,349,1,41.8,0.0147,4,133,0.04677,7,0,0,56,0.1042,0.4948,18.28,11.07,0.00644,0.698,13.56,0.662,280.09344,6.7008
AT_BS_EF_LR06,Educational Facilities,Lecture Rooms,267.6,1271.1,-1,4.75,304,2,225.15,0.07917,4,225.15,0.07917,7,0,0,178,0.1771,0.8414,18.88,11.67,0.00678,0.651,19.819,0.967,827.4861,3.675265823
AT_F1_O_M01,Meeting Room ,Meeting Rooms ,14.28,43.27,1,3.03,169,1,10.3,0.00362,3,35.75,0.01257,7,6.14,0.596,14,0.238,0.7213,19.41,12.2,0.00761,1.07,14.567,0.711,46.2989,4.495038835
AT_F1_O_M02,Meeting Room ,Meeting Rooms ,20.16,61.08,1,3.03,169,1,14.54,0.00511,4,40,0.01406,7,9.36,0.644,20,0.238,0.7212,19.37,12.16,0.00727,0.942,14.456,0.706,57.53736,3.957177442
AT_F1_O_O01,Offices,Shared Cellular Offices,55.8,169.07,1,3.03,214,2,46.06,0.0162,3,46.06,0.0162,7,31.6,0.686,12,0.2724,0.8254,17.38,10.17,0.00549,1.369,14.41,0.703,231.45683,5.025115719
AT_F1_O_O02,Offices,Single Cellular Office,12,36.36,1,3.03,259,1,7.27,0.00256,2,37.57,0.01321,7,3.84,0.528,1,0.1999,0.6058,17.02,9.81,0.00516,1.414,13.658,0.667,51.41304,7.071944979
AT_F1_O_O03,Offices,Single Cellular Office,12,36.36,1,3.03,304,2,22.42,0.00788,2,22.42,0.00788,7,13.66,0.609,1,0.6166,1.8683,16.45,9.24,0.00511,2.083,15.167,0.74,75.73788,3.378139161
AT_F1_O_O04,Offices,Shared Cellular Offices,124.68,377.78,1,3.03,304,2,49.09,0.01726,9,108.47,0.03814,7,33.9,0.691,28,0.1299,0.3937,17.35,10.15,0.00569,0.602,12.177,0.594,227.42356,4.632787941
AT_F1_O_O05,Offices,Shared Cellular Offices,31.28,94.78,1,3.03,349,1,13.94,0.0049,3,55.15,0.01939,7,8.9,0.638,7,0.1471,0.4457,17.39,10.18,0.00589,0.483,10.961,0.535,45.77874,3.283984218
AT_F1_O_O06,Offices,Shared Cellular Offices,41.72,126.41,1,3.03,34,2,39.39,0.01385,3,46.06,0.0162,7,26.54,0.674,9,0.3116,0.9442,17.45,10.24,0.00589,0.723,12.074,0.589,91.39443,2.320244478
AT_F1_O_O07,Offices,Shared Cellular Offices,78.4,237.55,1,3.03,79,1,33.94,0.01194,3,70.12,0.02466,7,24.08,0.709,17,0.1429,0.4329,18.57,11.36,0.00604,0.2,10.787,0.526,47.51,1.399823217
AT_F1_O_O08,Offices,Shared Cellular Offices,35.28,106.9,1,3.03,124,2,38.18,0.01343,3,38.18,0.01343,7,25.62,0.671,8,0.3572,1.0822,17.82,10.61,0.00554,1.195,14.539,0.71,127.7455,3.345874804
AT_F10_EF_LB01,Educational Facilities,Labs,140.4,425.41,10,3.03,304,2,73.33,0.02579,8,87.87,0.0309,7,52.3,0.713,56,0.1724,0.5223,19.4,12.19,0.0067,0.318,9.785,0.478,135.28038,1.84481631
AT_F10_EF_ST01,Educational Facilities,Studios,75.6,229.07,10,3.03,124,2,52.72,0.01854,5,52.72,0.01854,7,36.66,0.695,30,0.2301,0.6974,20.22,13.02,0.00662,0.289,9.633,0.47,66.20123,1.255713771
AT_F10_EF_ST02,Educational Facilities,Studios,92.4,279.97,10,3.03,34,2,58.78,0.02067,3,58.78,0.02067,7,41.26,0.702,37,0.21,0.6361,20.26,13.05,0.0073,0.115,7.24,0.353,32.19655,0.547746683
AT_F10_EF_ST03,Educational Facilities,Studios,65.36,198.04,10,3.03,349,1,23.03,0.0081,6,75.14,0.02642,7,15.8,0.686,26,0.1163,0.3524,19.72,12.52,0.00673,0.076,8.472,0.413,15.05104,0.653540599
AT_F10_EF_ST04,Educational Facilities,Studios,25.84,78.3,10,3.03,349,1,11.51,0.00405,3,52.72,0.01854,7,7.06,0.613,10,0.147,0.4454,19.69,12.48,0.0068,0.077,8.677,0.423,6.0291,0.523814075
AT_F10_O_O01,Offices,Shared Cellular Offices,37.2,112.72,10,3.03,259,1,18.18,0.00639,3,36.36,0.01279,7,12.12,0.667,8,0.1613,0.4887,19.56,12.36,0.00636,0.618,8.11,0.396,69.66096,3.831735974
AT_F10_O_O02,Offices,Shared Cellular Offices,37.2,112.72,10,3.03,214,2,36.97,0.013,3,36.97,0.013,7,24.7,0.668,8,0.328,0.9938,19.47,12.27,0.00609,0.84,9.195,0.449,94.6848,2.561125237
AT_F10_O_O03,Offices,Single Cellular Office,8.4,25.45,10,3.03,169,1,6.06,0.00213,3,31.51,0.01108,7,2.92,0.482,1,0.2381,0.7214,20.18,12.97,0.00596,0.279,9.09,0.444,7.10055,1.171707921
AT_F10_O_O04,Offices,Shared Cellular Offices,15.96,48.36,10,3.03,169,1,11.51,0.00405,3,36.97,0.013,7,7.06,0.613,4,0.238,0.7212,19.99,12.78,0.00605,0.261,9.685,0.473,12.62196,1.096608167
AT_F11_EF_SR01,Educational Facilities,Study Rooms,68.8,208.46,11,3.03,349,1,24.24,0.00852,6,76.36,0.02685,7,16.72,0.69,28,0.1163,0.3523,20.02,12.82,0.00694,0.049,8.176,0.399,10.21454,0.421391914
AT_F11_EF_SR02,Educational Facilities,Study Rooms,90.2,273.31,11,3.03,304,2,58.18,0.02046,3,58.18,0.02046,7,40.8,0.701,36,0.2129,0.645,19.72,12.51,0.00689,0.558,8.001,0.391,152.50698,2.621295634
AT_F11_EF_SR03,Educational Facilities,Study Rooms,96.6,292.7,11,3.03,214,2,63.63,0.02238,5,63.63,0.02238,7,44.94,0.706,39,0.2174,0.6587,20.24,13.03,0.00665,0.502,11.057,0.54,146.9354,2.309215779
AT_F11_EF_ST01,Educational Facilities,Studios,75.6,229.07,11,3.03,124,2,52.72,0.01854,4,52.72,0.01854,7,36.66,0.695,30,0.2301,0.6974,20.31,13.1,0.00664,0.262,7.969,0.389,60.01634,1.138397951
AT_F11_EF_ST02,Educational Facilities,Studios,92.4,279.97,11,3.03,34,2,58.78,0.02067,3,58.78,0.02067,7,41.26,0.702,37,0.21,0.6361,20.33,13.12,0.00718,0.105,7.187,0.351,29.39685,0.500116536
AT_F11_EF_ST03,Educational Facilities,Studios,98.04,297.06,11,3.03,349,1,34.54,0.01215,6,76.66,0.02696,7,24.54,0.71,39,0.1163,0.3523,19.71,12.5,0.00664,0.053,9.527,0.465,15.74418,0.455824551
AT_F11_O_O01,Offices,Shared Cellular Offices,10.08,30.54,11,3.03,169,1,7.27,0.00256,3,32.72,0.01151,7,3.84,0.528,2,0.238,0.7212,19.52,12.31,0.00614,0.217,9.944,0.485,6.62718,0.911579092
AT_F12_EF_ST01,Educational Facilities,Studios,92.4,279.97,12,3.03,34,2,58.78,0.02067,4,58.78,0.02067,7,41.26,0.702,37,0.21,0.6361,20.45,13.24,0.00721,0.089,7.102,0.347,24.91733,0.423908302
AT_F12_EF_ST02,Educational Facilities,Studios,98.04,297.06,12,3.03,349,1,34.54,0.01215,6,76.66,0.02696,7,24.54,0.71,39,0.1163,0.3523,19.82,12.62,0.00672,0.036,9.625,0.47,10.69416,0.309616676
AT_F12_EF_W01,Educational Facilities,Workshops,18.6,56.36,12,3.03,79,1,9.09,0.0032,2,46.06,0.0162,7,5.22,0.574,7,0.1613,0.4887,20.85,13.64,0.00674,0.005,6.393,0.312,0.2818,0.0310011
AT_F12_EF_W02,Educational Facilities,Workshops,56.76,171.98,12,3.03,349,1,20,0.00703,7,72.11,0.02536,7,13.5,0.675,23,0.1163,0.3524,20.39,13.19,0.00745,0.037,8.434,0.412,6.36326,0.318163
AT_F12_O_O01,Offices,Single Cellular Office,11.76,35.63,12,3.03,169,1,8.48,0.00298,3,33.94,0.01193,7,4.76,0.561,1,0.238,0.7211,20.03,12.82,0.00587,0.347,7.847,0.383,12.36361,1.457972877
AT_F12_O_O02,Offices,Single Cellular Office,11.76,35.63,12,3.03,169,1,8.48,0.00298,3,33.94,0.01193,7,4.76,0.561,1,0.238,0.7211,20.28,13.07,0.00592,0.427,7.906,0.386,15.21401,1.794104953
AT_F12_O_O03,Offices,Single Cellular Office,11.76,35.63,12,3.03,124,2,21.21,0.00746,2,21.21,0.00746,7,12.74,0.601,1,0.5953,1.8036,19.89,12.68,0.00588,0.574,8.8,0.43,20.45162,0.964244224
AT_F12_O_O04,Offices,Single Cellular Office,10.08,30.54,12,3.03,349,1,7.27,0.00256,3,32.72,0.01151,7,3.84,0.528,1,0.238,0.7212,20.41,13.21,0.0076,0.096,7.435,0.363,2.93184,0.40327923
AT_F12_O_O05,Offices,Single Cellular Office,10.08,30.54,12,3.03,349,1,7.27,0.00256,3,32.72,0.01151,7,3.84,0.528,1,0.238,0.7212,20.33,13.12,0.00767,0.108,6.759,0.33,3.29832,0.453689133
AT_F12_O_O06,Offices,Single Cellular Office,10.08,30.54,12,3.03,349,1,7.27,0.00256,3,32.72,0.01151,7,3.84,0.528,1,0.238,0.7212,19.88,12.67,0.00743,0.119,7.119,0.347,3.63426,0.499898212
AT_F12_O_O07,Offices,Single Cellular Office,10.08,30.54,12,3.03,304,2,20,0.00703,2,20,0.00703,7,11.82,0.591,1,0.6549,1.9841,18.79,11.58,0.00679,1.758,8.78,0.428,53.68932,2.684466
AT_F12_O_O08,Offices,Single Cellular Office,10.08,30.54,12,3.03,214,2,20,0.00703,2,20,0.00703,7,11.82,0.591,1,0.6549,1.9841,19.78,12.57,0.00654,1.711,9.717,0.474,52.25394,2.612697
AT_F12_O_O09,Offices,Single Cellular Office,10.08,30.54,12,3.03,169,1,7.27,0.00256,3,32.72,0.01151,7,3.84,0.528,1,0.238,0.7212,21.24,14.03,0.00702,0.251,8.127,0.397,7.66554,1.054407153
AT_F12_O_O10,Offices,Single Cellular Office,10.08,30.54,12,3.03,169,1,7.27,0.00256,3,32.72,0.01151,7,3.84,0.528,1,0.238,0.7212,21.68,14.47,0.00726,0.242,7.508,0.366,7.39068,1.016599725
AT_F12_O_O11,Offices,Single Cellular Office,10.08,30.54,12,3.03,169,1,7.27,0.00256,3,32.72,0.01151,7,3.84,0.528,1,0.238,0.7212,21.66,14.45,0.00716,0.228,7.752,0.378,6.96312,0.957788171
AT_F12_O_O12,Offices,Single Cellular Office,10.08,30.54,12,3.03,169,1,7.27,0.00256,3,32.72,0.01151,7,3.84,0.528,1,0.238,0.7212,21.1,13.89,0.00664,0.198,8.843,0.432,6.04692,0.831763411
AT_F12_O_O13,Offices,Single Cellular Office,10.08,30.54,12,3.03,169,1,7.27,0.00256,3,32.72,0.01151,7,3.84,0.528,1,0.238,0.7212,20.28,13.07,0.00618,0.174,9.497,0.463,5.31396,0.730943604
AT_F13_EF_LR01,Educational Facilities,Lecture Rooms,59.04,178.89,13,3.03,259,1,21.82,0.00767,6,71.51,0.01193,7,14.88,0.682,39,0.122,0.3696,21.79,14.58,0.00818,0.427,8.626,0.421,76.38603,3.500734647
AT_F13_EF_LR02,Educational Facilities,Lecture Rooms,40.32,122.17,13,3.03,214,2,41.81,0.0147,3,41.81,0.01193,7,28.38,0.679,27,0.3422,1.037,21.58,14.38,0.00813,0.59,10.828,0.528,72.0803,1.723996652
AT_F13_EF_LR03,Educational Facilities,Lecture Rooms,20.16,61.08,13,3.03,169,1,14.54,0.00511,4,40,0.00746,7,9.36,0.644,13,0.238,0.7212,21.36,14.16,0.00769,0.143,9.406,0.459,8.73444,0.600718019
AT_F13_O_M01,Meeting Room ,Meeting Rooms ,15.96,48.36,13,3.03,79,1,11.51,0.00405,3,36.97,0.013,7,7.06,0.613,16,0.238,0.7212,22.09,14.88,0.00862,0.01,7.891,0.385,0.4836,0.042015639
AT_F13_O_O01,Offices,Single Cellular Office,11.76,35.63,13,3.03,169,1,8.48,0.00298,3,33.94,0.01193,7,4.76,0.561,1,0.238,0.7211,20.14,12.93,0.00589,0.281,7.805,0.381,10.01203,1.180663915
AT_F13_O_O02,Offices,Single Cellular Office,11.76,35.63,13,3.03,169,1,8.48,0.00298,3,33.94,0.01193,7,4.76,0.561,1,0.238,0.7211,20.41,13.2,0.00594,0.352,7.834,0.382,12.54176,1.478981132
AT_F13_O_O03,Offices,Single Cellular Office,11.76,35.63,13,3.03,124,2,21.21,0.00746,2,21.21,0.00746,7,12.74,0.601,1,0.5953,1.8036,20.04,12.83,0.0059,0.49,8.568,0.418,17.4587,0.823135314
AT_F13_O_O04,Offices,Single Cellular Office,10.08,30.54,13,3.03,79,1,7.27,0.00256,3,32.72,0.01151,7,3.84,0.528,1,0.238,0.7212,20.8,13.59,0.0062,0.007,5.955,0.291,0.21378,0.029405777
AT_F13_O_O05,Offices,Single Cellular Office,14.28,43.27,13,3.03,79,1,10.3,0.00362,3,35.75,0.01257,7,6.14,0.596,2,0.238,0.7213,21.12,13.91,0.00671,0.008,7.296,0.356,0.34616,0.033607767
AT_F13_O_O06,Offices,Single Cellular Office,9.24,28,13,3.03,79,1,6.67,0.00235,3,32.12,0.01129,7,3.38,0.507,1,0.2382,0.7219,20.76,13.56,0.00708,0.011,3.575,0.174,0.308,0.046176912
AT_F13_O_O07,Offices,Single Cellular Office,9.24,28,13,3.03,34,2,19.39,0.00682,2,19.39,0.00682,7,11.36,0.586,1,0.6925,2.0985,19.55,12.34,0.0067,0.26,7.913,0.386,7.28,0.375451264
AT_F13_O_O08,Offices,Shared Cellular Offices,242.28,734.11,13,3.03,349,1,81.81,0.02877,18,148.47,0.05221,7,60.42,0.739,54,0.1114,0.3377,20.08,12.87,0.00658,0.034,10.606,0.518,24.95974,0.305093998
AT_F13_O_O09,Offices,Single Cellular Office,10.56,32,13,3.03,304,2,21.21,0.00746,2,21.21,0.00746,7,12.74,0.601,1,0.6628,2.0085,18.46,11.25,0.00614,1.09,10.089,0.492,34.88,1.644507308
AT_F13_O_O10,Offices,Single Cellular Office,9.6,29.09,13,3.03,259,1,6.67,0.00235,3,35.75,0.01257,7,3.38,0.507,1,0.2293,0.6948,19.37,12.16,0.00638,0.935,9.523,0.465,27.19915,4.077833583
AT_F13_O_O11,Offices,Shared Cellular Offices,20.16,61.08,13,3.03,259,1,12.73,0.00448,3,41.81,0.0147,7,7.98,0.627,4,0.2084,0.6314,20.22,13.01,0.00697,0.793,8.906,0.435,48.43644,3.804904949
AT_F14_O_O01,Offices,Single Cellular Office,11.76,35.63,14,3.03,169,1,8.48,0.00298,3,33.94,0.01193,7,4.76,0.561,1,0.238,0.7211,20.55,13.34,0.00665,0.274,8.899,0.434,9.76262,1.151252358
AT_F14_O_O02,Offices,Shared Cellular Offices,40.88,123.87,14,3.03,124,2,38.18,0.01343,3,40,0.01406,7,25.62,0.671,9,0.3082,0.934,20.93,13.72,0.00752,0.269,9.031,0.441,33.32103,0.872735202
AT_F14_O_O03,Offices,Shared Cellular Offices,35.96,108.96,14,3.03,79,1,17.57,0.00618,3,55.15,0.01939,7,11.66,0.664,8,0.1613,0.4886,21.56,14.35,0.00817,0.005,8.999,0.439,0.5448,0.031007399
AT_F14_O_O04,Offices,Shared Cellular Offices,37.92,114.9,14,3.03,34,2,35.75,0.01257,3,40.6,0.01428,7,23.78,0.665,8,0.3111,0.9428,20.73,13.52,0.00795,0.107,8.567,0.418,12.2943,0.343896503
AT_F14_O_O05,Offices,Single Cellular Office,10.08,30.54,14,3.03,349,1,7.27,0.00256,3,32.72,0.01151,7,3.84,0.528,1,0.238,0.7212,20.47,13.26,0.0077,0.118,9.146,0.446,3.60372,0.495697387
AT_F14_O_O06,Offices,Single Cellular Office,10.08,30.54,14,3.03,349,1,7.27,0.00256,3,32.72,0.01151,7,3.84,0.528,1,0.238,0.7212,20.53,13.32,0.00768,0.081,8.91,0.435,2.47374,0.34026685
AT_F14_O_O07,Offices,Single Cellular Office,10.08,30.54,14,3.03,349,1,7.27,0.00256,3,32.72,0.01151,7,3.84,0.528,1,0.238,0.7212,20.6,13.39,0.00767,0.072,9.053,0.442,2.19888,0.302459422
AT_F14_O_O08,Offices,Single Cellular Office,10.08,30.54,14,3.03,349,1,7.27,0.00256,2,32.72,0.01151,7,3.84,0.528,1,0.238,0.7212,20.86,13.65,0.00772,0.071,9.92,0.484,2.16834,0.298258597
AT_F14_O_O09,Offices,Single Cellular Office,10.08,30.54,14,3.03,349,1,7.27,0.00256,2,32.72,0.01151,7,3.84,0.528,1,0.238,0.7212,20.84,13.63,0.0077,0.068,9.878,0.482,2.07672,0.285656121
AT_F14_O_O10,Offices,Single Cellular Office,10.08,30.54,14,3.03,349,1,7.27,0.00256,3,32.72,0.01151,7,3.84,0.528,1,0.238,0.7212,20.53,13.32,0.00759,0.066,8.99,0.439,2.01564,0.27725447
AT_F14_O_O11,Offices,Single Cellular Office,10.08,30.54,14,3.03,349,1,7.27,0.00256,3,32.72,0.01151,7,3.84,0.528,1,0.238,0.7212,20.31,13.1,0.00738,0.066,9.024,0.44,2.01564,0.27725447
AT_F14_O_O12,Offices,Single Cellular Office,10.08,30.54,14,3.03,349,1,7.27,0.00256,3,32.72,0.01151,7,3.84,0.528,1,0.238,0.7212,19.83,12.62,0.00694,0.078,8.905,0.435,2.38212,0.327664374
AT_F14_O_O13,Offices,Shared Cellular Offices,38.16,115.62,14,3.03,304,2,36.36,0.01279,3,40,0.01406,7,24.24,0.667,8,0.3145,0.9528,19.41,12.2,0.00684,0.752,9.568,0.467,86.94624,2.391260726
AT_F14_O_O14,Offices,Shared Cellular Offices,34.8,105.44,14,3.03,259,1,17.57,0.00618,3,53.93,0.01897,7,11.66,0.664,8,0.1666,0.5049,20.42,13.21,0.00705,0.564,9.819,0.479,59.46816,3.384642003
AT_F14_O_O15,Offices,Shared Cellular Offices,36.96,111.99,14,3.03,214,2,35.75,0.01257,3,39.39,0.01385,7,23.78,0.665,8,0.3192,0.9673,20.27,13.06,0.00678,0.802,9.945,0.485,89.81598,2.512335105
AT_F14_O_O16,Offices,Single Cellular Office,10.08,30.54,14,3.03,169,1,7.27,0.00256,3,32.72,0.01151,7,3.84,0.528,1,0.238,0.7212,21.14,13.93,0.00672,0.216,9.263,0.452,6.59664,0.907378267
AT_F14_O_O17,Offices,Single Cellular Office,10.08,30.54,14,3.03,169,1,7.27,0.00256,3,32.72,0.01151,7,3.84,0.528,1,0.238,0.7212,21.44,14.23,0.00686,0.195,9.153,0.447,5.9553,0.819160935
AT_F14_O_O18,Offices,Single Cellular Office,10.08,30.54,14,3.03,169,1,7.27,0.00256,3,32.72,0.01151,7,3.84,0.528,1,0.238,0.7212,21.07,13.86,0.00652,0.159,9.1,0.444,4.85586,0.667931224
AT_F14_O_O19,Offices,Single Cellular Office,10.08,30.54,14,3.03,169,1,7.27,0.00256,3,32.72,0.01151,7,3.84,0.528,1,0.238,0.7212,20.4,13.19,0.00607,0.126,9.48,0.463,3.84804,0.529303989
AT_F15_EF_ST01,Educational Facilities,Studios,101.88,308.7,15,3.03,34,2,62.42,0.02195,4,62.42,0.02195,7,44.02,0.705,41,0.2022,0.6127,20.5,13.29,0.007,0.069,7.437,0.363,21.3003,0.341241589
AT_F15_EF_ST02,Educational Facilities,Studios,55.04,166.77,15,3.03,349,1,19.39,0.00682,5,71.51,0.02515,7,13.04,0.673,22,0.1163,0.3523,20.08,12.87,0.0066,0.016,9.242,0.451,2.66832,0.137613203
AT_F15_EF_ST03,Educational Facilities,Studios,32.68,99.02,15,3.03,349,1,11.51,0.00405,3,63.63,0.02238,7,7.06,0.613,13,0.1162,0.3522,19.67,12.46,0.00636,0.007,11.382,0.555,0.69314,0.060220678
AT_F15_EF_ST04,Educational Facilities,Studios,56.76,171.98,15,3.03,349,1,20,0.00703,6,72.11,0.02536,7,13.5,0.675,23,0.1163,0.3524,20.14,12.93,0.00678,0.01,9.126,0.445,1.7198,0.08599
AT_F15_EF_ST05,Educational Facilities,Studios,102.24,309.79,15,3.03,304,2,62.42,0.02195,3,62.42,0.02195,7,44.02,0.705,41,0.2015,0.6105,19.85,12.64,0.00697,0.407,7.876,0.384,126.08453,2.019938001
AT_F15_EF_W01,Educational Facilities,Workshops,131.76,399.23,15,3.03,214,2,90.29,0.03175,6,90.29,0.03175,7,65.18,0.722,53,0.2262,0.6853,20.32,13.11,0.00668,0.307,9.376,0.458,122.56361,1.357443903
AT_F15_EF_W02,Educational Facilities,Workshops,55.8,169.07,15,3.03,124,2,46.06,0.0162,3,46.06,0.0162,7,31.6,0.686,22,0.2724,0.8254,20.81,13.6,0.00676,0.225,7.14,0.348,38.04075,0.825895571
AT_F15_O_O01,Offices,Single Cellular Office,9.24,28,15,3.03,169,1,6.67,0.00235,3,32.12,0.01129,7,3.38,0.507,1,0.2382,0.7219,20.17,12.96,0.00593,0.373,7.983,0.39,10.444,1.565817091
AT_F16_EF_ST01,Educational Facilities,Studios,82.56,250.16,16,3.03,34,2,55.15,0.01939,3,55.15,0.01939,7,38.5,0.698,33,0.2205,0.668,20.22,13.01,0.00704,0.06,7.488,0.365,15.0096,0.272159565
AT_F16_EF_ST02,Educational Facilities,Studios,144.48,875.55,16,6.06,349,1,101.81,0.0358,20,206.04,0.07245,7,73.92,0.726,58,0.1163,0.7047,19.11,11.9,0.00624,0.006,10.656,0.52,5.2533,0.051599057
AT_F16_EF_ST03,Educational Facilities,Studios,82.56,250.16,16,3.03,304,2,55.15,0.01939,3,55.15,0.01939,7,38.5,0.698,33,0.2205,0.668,19.47,12.26,0.00679,0.401,11.391,0.556,100.31416,1.818933092
AT_F16_EF_W01,Educational Facilities,Workshops,95.76,290.15,16,3.03,124,2,59.99,0.0211,5,59.99,0.0211,7,42.18,0.703,38,0.2068,0.6265,20.78,13.57,0.00687,0.083,7.52,0.367,24.08245,0.401441074
AT_F16_EF_W02,Educational Facilities,Workshops,27.72,83.99,16,3.03,169,1,20,0.00703,4,20,0.00703,7,13.5,0.675,11,0.2381,0.7215,20.75,13.55,0.00659,0.086,9.057,0.442,7.22314,0.361157
AT_F16_EF_W03,Educational Facilities,Workshops,22.68,68.72,16,3.03,214,2,29.09,0.01023,2,29.09,0.01023,7,18.72,0.644,9,0.4233,1.2826,20.11,12.9,0.00663,0.759,8.608,0.42,52.15848,1.793003781
AT_F16_EF_W04,Educational Facilities,Workshops,59.04,178.89,16,3.03,259,1,21.82,0.00767,6,20,0.00703,7,14.88,0.682,24,0.122,0.3696,20.23,13.03,0.00665,0.358,8.525,0.416,64.04262,2.935042163
AT_F16_O_O01,Offices,Single Cellular Office,10.08,30.54,16,3.03,169,1,7.27,0.00256,3,32.72,0.01151,7,3.84,0.528,1,0.238,0.7212,20.78,13.58,0.00652,0.124,8.49,0.414,3.78696,0.520902338
AT_F17_EF_ST01,Educational Facilities,Studios,95.76,290.15,17,3.03,124,2,59.99,0.0211,5,59.99,0.0211,7,42.18,0.703,38,0.2068,0.6265,20.52,13.31,0.00693,0.07,7.452,0.364,20.3105,0.338564761
AT_F17_EF_ST02,Educational Facilities,Studios,82.56,250.16,17,3.03,34,2,55.15,0.01939,3,55.15,0.01939,7,38.5,0.698,33,0.2205,0.668,19.93,12.72,0.00699,0.044,7.701,0.376,11.00704,0.199583681
AT_F17_EF_ST03,Educational Facilities,Studios,82.56,250.16,17,3.03,304,2,55.15,0.01939,3,55.15,0.01939,7,38.5,0.698,33,0.2205,0.668,19.27,12.06,0.00687,0.368,8.723,0.426,92.05888,1.669245331
AT_F17_EF_ST04,Educational Facilities,Studios,96.84,293.43,17,3.03,214,2,58.18,0.02046,5,75.15,0.02643,7,40.8,0.701,39,0.1983,0.6008,20.05,12.84,0.00699,0.381,9.503,0.464,111.79683,1.921568065
AT_F17_O_M01,Meeting Room ,Meeting Rooms ,27.72,83.99,17,3.03,169,1,20,0.00703,3,20,0.00703,7,13.5,0.675,28,0.2381,0.7215,21.73,14.52,0.00865,0.089,9.161,0.447,7.47511,0.3737555
AT_F17_O_M02,Meeting Room ,Meeting Rooms ,26.88,81.45,17,3.03,169,1,19.39,0.00682,5,19.39,0.00682,7,13.04,0.673,27,0.2381,0.7214,21.06,13.85,0.00798,0.052,10.394,0.507,4.2354,0.218432182
AT_F18_EF_ST01,Educational Facilities,Studios,95.76,290.15,18,3.03,124,2,59.99,0.0211,5,59.99,0.0211,7,41.1,0.685,38,0.2068,0.6265,19.18,11.97,0.00673,0.064,7.416,0.362,18.5696,0.309544924
AT_F18_EF_ST02,Educational Facilities,Studios,82.56,250.16,18,3.03,34,2,55.15,0.01939,3,55.15,0.01939,7,38.5,0.698,33,0.2205,0.668,18.79,11.58,0.00699,0.041,7.022,0.343,10.25656,0.185975703
AT_F18_EF_ST03,Educational Facilities,Studios,48.16,145.92,18,3.03,349,1,16.97,0.00597,5,69.1,0.0243,7,11.2,0.66,19,0.1163,0.3524,18.86,11.65,0.0065,0.004,9.053,0.442,0.58368,0.034394814
AT_F18_EF_ST04,Educational Facilities,Studios,48.16,145.92,18,3.03,349,1,16.97,0.00597,5,69.1,0.0243,7,11.2,0.66,19,0.1163,0.3524,18.73,11.52,0.00641,0.001,10.611,0.518,0.14592,0.008598704
AT_F18_EF_ST05,Educational Facilities,Studios,48.16,145.92,18,3.03,349,1,16.97,0.00597,6,69.1,0.0243,7,11.2,0.66,19,0.1163,0.3524,18.82,11.61,0.00663,0.003,8.953,0.437,0.43776,0.025796111
AT_F18_EF_ST06,Educational Facilities,Studios,102.24,309.79,18,3.03,304,2,62.42,0.02195,3,62.42,0.02195,7,44.02,0.705,41,0.2015,0.6105,18.38,11.17,0.00682,0.344,7.693,0.375,106.56776,1.707269465
AT_F18_EF_W01,Educational Facilities,Workshops,77.16,233.79,18,3.03,214,2,50.9,0.0179,4,59.38,0.02088,7,35.28,0.693,31,0.2177,0.6597,18.61,11.4,0.00646,0.374,8.636,0.421,87.43746,1.717828291
AT_F19_EF_LB01,Educational Facilities,Labs,21.12,63.99,19,3.03,214,2,42.42,0.01492,3,42.42,0.01492,7,0,0,8,0.6629,2.0085,17.68,10.48,0.00614,0.586,9.394,0.458,37.49814,0.883973126
AT_F19_EF_LB02,Educational Facilities,Labs,31.68,95.99,19,3.03,34,2,34.54,0.01215,3,34.54,0.01215,7,0,0,13,0.3598,1.0903,17.35,10.15,0.00632,0.13,7.112,0.347,12.4787,0.361282571
AT_F19_EF_LB03,Educational Facilities,Labs,110.88,335.97,19,3.03,349,1,50.9,0.0179,11,90.9,0.03196,7,0,0,44,0.1515,0.4591,17.51,10.3,0.00648,0.008,7.97,0.389,2.68776,0.052804715
AT_F19_EF_LB04,Educational Facilities,Labs,38.68,117.2,19,3.03,304,2,38.78,0.01364,3,38.78,0.01364,7,0,0,15,0.3309,1.0026,17.3,10.09,0.00632,0.609,8.478,0.414,71.3748,1.840505415
AT_F19_EF_LB05,Educational Facilities,Labs,33.12,100.35,19,3.03,214,2,35.75,0.01257,3,35.75,0.01257,7,0,0,13,0.3563,1.0794,16.21,9,0.00608,0.74,9.284,0.453,74.259,2.077174825
AT_F2_O_M01,Meeting Room ,Meeting Rooms ,26.88,81.45,2,3.03,169,1,19.39,0.00682,5,44.84,0.01577,7,13.04,0.673,27,0.2381,0.7214,19.34,12.13,0.00766,1.102,14.674,0.716,89.7579,4.629082001
AT_F2_O_M02,Meeting Room ,Meeting Rooms ,14.28,43.27,2,3.03,169,1,10.3,0.00362,3,35.75,0.01257,7,6.14,0.596,14,0.238,0.7213,19.93,12.73,0.0076,1.052,14.23,0.694,45.52004,4.419421359
AT_F2_O_O01,Offices,Single Cellular Office,9.24,28,2,3.03,169,1,6.67,0.00235,2,32.12,0.01129,7,3.38,0.507,1,0.2382,0.7219,18.15,10.94,0.00535,1.071,13.962,0.681,29.988,4.495952024
AT_F2_O_O02,Offices,Shared Cellular Offices,181.12,548.79,2,3.03,34,2,112.72,0.03964,5,75.79,0.02665,7,80.52,0.714,40,0.2054,0.6223,18.21,11,0.00582,0.538,12.189,0.595,295.24902,2.61931352
AT_F2_O_O03,Offices,Shared Cellular Offices,293.24,888.52,2,3.03,214,2,155.14,0.05455,11,128.47,0.04518,7,112.72,0.727,65,0.1746,0.5291,17.56,10.35,0.00572,0.814,12.379,0.604,723.25528,4.661952301
AT_F2_O_O04,Offices,Shared Cellular Offices,20.16,61.08,2,3.03,169,1,14.54,0.00511,3,40.07,0.01409,7,9.36,0.644,4,0.238,0.7212,18.6,11.39,0.00568,1.012,14.261,0.696,61.81296,4.251235213
AT_F3_O_O01,Offices,Single Cellular Office,11.76,35.63,3,3.03,169,1,8.48,0.00298,3,33.94,0.01193,7,4.76,0.561,1,0.238,0.7211,18.55,11.34,0.00536,0.894,13.31,0.65,31.85322,3.756275943
AT_F3_O_O02,Offices,Single Cellular Office,11.76,35.63,3,3.03,169,1,8.48,0.00298,3,33.94,0.01193,7,4.76,0.561,1,0.238,0.7211,18.76,11.55,0.00536,0.906,13.609,0.664,32.28078,3.806695755
AT_F3_O_O03,Offices,Single Cellular Office,11.76,35.63,3,3.03,124,2,21.21,0.00746,2,21.21,0.00746,7,12.74,0.601,1,0.5953,1.8036,18.49,11.28,0.0053,1.206,15.044,0.734,42.96978,2.025920792
AT_F3_O_O05,Offices,Shared Cellular Offices,19.32,58.54,3,3.03,169,1,13.94,0.0049,4,39.39,0.01385,7,8.9,0.638,4,0.2381,0.7215,18.78,11.57,0.00558,0.8,13.564,0.662,46.832,3.35954089
AT_F3_O_O06,Offices,Shared Cellular Offices,21,63.63,3,3.03,214,2,27.88,0.0098,2,27.88,0.0098,7,17.8,0.638,5,0.4382,1.3276,17.8,10.59,0.00535,1.903,15.19,0.741,121.08789,4.343181133
AT_F3_O_O07,Offices,Single Cellular Office,9.24,28,3,3.03,169,1,6.67,0.00235,3,32.12,0.01129,7,3.38,0.507,1,0.2382,0.7219,18.8,11.6,0.00547,0.852,13.319,0.65,23.856,3.576611694
AT_F4_O_O01,Offices,Single Cellular Office,11.76,35.63,4,3.03,169,1,8.48,0.00298,3,33.94,0.01193,7,4.76,0.561,1,0.238,0.7211,18.71,11.5,0.0054,0.825,12.75,0.622,29.39475,3.466362028
AT_F4_O_O02,Offices,Single Cellular Office,11.76,35.63,4,3.03,169,1,8.48,0.00298,3,33.94,0.01193,7,4.76,0.561,1,0.238,0.7211,18.93,11.72,0.0054,0.846,13.097,0.639,30.14298,3.554596698
AT_F4_O_O03,Offices,Single Cellular Office,11.76,35.63,4,3.03,124,2,21.21,0.00746,2,21.21,0.00746,7,12.74,0.601,1,0.5953,1.8036,18.61,11.4,0.00533,1.119,14.613,0.713,39.86997,1.879772277
AT_F4_O_O05,Offices,Shared Cellular Offices,19.32,58.54,4,3.03,169,1,13.94,0.0049,4,39.39,0.01385,7,8.9,0.638,4,0.2381,0.7215,18.93,11.72,0.00563,0.736,13.011,0.635,43.08544,3.090777618
AT_F4_O_O06,Offices,Shared Cellular Offices,21,63.63,4,3.03,214,2,27.88,0.0098,2,27.88,0.0098,7,17.8,0.638,5,0.4382,1.3276,17.93,10.72,0.00538,1.813,14.748,0.72,115.36119,4.137775825
AT_F4_O_O07,Offices,Single Cellular Office,9.24,28,4,3.03,169,1,6.67,0.00235,3,32.12,0.01129,7,3.38,0.507,1,0.2382,0.7219,18.85,11.64,0.0055,0.768,12.674,0.619,21.504,3.223988006
AT_F5_O_O01,Offices,Single Cellular Office,11.76,35.63,5,3.03,169,1,8.48,0.00298,3,33.94,0.01193,7,4.76,0.561,1,0.238,0.7211,18.88,11.67,0.00545,0.751,12.034,0.587,26.75813,3.155439858
AT_F5_O_O02,Offices,Single Cellular Office,11.76,35.63,5,3.03,169,1,8.48,0.00298,3,33.94,0.01193,7,4.76,0.561,1,0.238,0.7211,19.07,11.86,0.00545,0.784,12.449,0.608,27.93392,3.29409434
AT_F5_O_O03,Offices,Single Cellular Office,11.76,35.63,5,3.03,124,2,21.21,0.00746,2,21.21,0.00746,7,12.74,0.601,1,0.5953,1.8036,18.75,11.54,0.00537,1.032,14.082,0.687,36.77016,1.733623762
AT_F5_O_O05,Offices,Shared Cellular Offices,19.32,58.54,5,3.03,169,1,13.94,0.0049,4,39.39,0.01385,7,8.9,0.638,4,0.2381,0.7215,19.15,11.94,0.00569,0.669,12.303,0.6,39.16326,2.809416069
AT_F5_O_O06,Offices,Shared Cellular Offices,21,63.63,5,3.03,214,2,27.88,0.0098,2,27.88,0.0098,7,17.8,0.638,5,0.4382,1.3276,18.11,10.9,0.00544,1.717,14.19,0.693,109.25271,3.918676829
AT_F5_O_O07,Offices,Single Cellular Office,9.24,28,5,3.03,169,1,6.67,0.00235,3,32.12,0.01129,7,3.38,0.507,1,0.2382,0.7219,19.2,11.99,0.00553,0.681,11.833,0.577,19.068,2.858770615
AT_F6_O_M01,Meeting Room ,Meeting Rooms ,11.76,35.63,6,3.03,169,1,8.48,0.00298,3,33.94,0.01193,7,4.76,0.561,12,0.238,0.7211,21.09,13.88,0.00784,0.547,11.47,0.56,19.48961,2.298303066
AT_F6_O_M02,Meeting Room ,Meeting Rooms ,14.28,43.27,6,3.03,169,1,10.3,0.00362,3,35.75,0.01257,7,6.14,0.596,14,0.238,0.7213,21.1,13.9,0.00828,0.575,10.769,0.526,24.88025,2.415558252
AT_F6_O_O01,Offices,Single Cellular Office,9.24,28,6,3.03,169,1,6.67,0.00235,3,32.12,0.01129,7,3.38,0.507,1,0.2382,0.7219,19.09,11.88,0.00546,0.703,10.739,0.524,19.684,2.951124438
AT_F6_O_O02,Offices,Shared Cellular Offices,26.04,78.9,6,3.03,124,2,31.51,0.01108,3,31.51,0.01108,7,20.56,0.652,6,0.3994,1.2101,19.11,11.9,0.00574,0.842,14.653,0.715,66.4338,2.108340209
AT_F6_O_O03,Offices,Shared Cellular Offices,15.12,45.81,6,3.03,79,1,8.48,0.00298,3,41.21,0.01449,7,4.76,0.561,3,0.1851,0.5608,19.86,12.65,0.00591,0.087,10.706,0.522,3.98547,0.46998467
AT_F6_O_O04,Offices,Single Cellular Office,11.88,36,6,3.03,79,1,6.67,0.00235,3,39.39,0.01385,7,3.38,0.507,1,0.1853,0.5614,20.03,12.83,0.00585,0.09,8.422,0.411,3.24,0.485757121
AT_F6_O_O05,Offices,Single Cellular Office,11.88,36,6,3.03,79,1,6.67,0.00235,3,39.39,0.01385,7,3.38,0.507,1,0.1853,0.5614,19.95,12.74,0.00584,0.089,7.937,0.387,3.204,0.48035982
AT_F6_O_O06,Offices,Shared Cellular Offices,15.12,45.81,6,3.03,79,1,8.48,0.00298,3,41.21,0.01449,7,4.76,0.561,3,0.1851,0.5608,19.51,12.31,0.00615,0.127,8.465,0.413,5.81787,0.686069575
AT_F6_O_O07,Offices,Shared Cellular Offices,37.12,112.47,6,3.03,34,2,36.97,0.013,2,36.97,0.013,7,24.7,0.668,8,0.3287,0.996,18.78,11.57,0.00632,0.342,8.44,0.412,38.46474,1.04043116
AT_F6_O_O08,Offices,Shared Cellular Offices,291.92,884.52,6,3.03,304,2,130.29,0.04582,13,129.53,0.04555,7,95.54,0.733,65,0.1473,0.4463,18.51,11.3,0.00622,0.431,7.087,0.346,381.22812,2.925996776
AT_F6_O_O09,Offices,Single Cellular Office,14.88,45.09,6,3.03,259,1,7.27,0.00256,3,44.84,0.01577,7,3.84,0.528,2,0.1612,0.4886,18.67,11.46,0.00561,0.89,11.693,0.571,40.1301,5.519958735
AT_F6_O_O10,Offices,Shared Cellular Offices,34.44,104.35,6,3.03,214,2,37.57,0.01321,3,37.57,0.01321,7,25.16,0.67,8,0.36,1.0909,18.78,11.58,0.00574,1.124,14.17,0.692,117.2894,3.121889806
AT_F7_O_M01,Meeting Room ,Meeting Rooms ,26.88,81.45,7,3.03,169,1,19.39,0.00682,5,44.84,0.01577,7,13.04,0.673,27,0.2381,0.7214,20.93,13.72,0.00826,0.521,11.037,0.539,42.43545,2.188522434
AT_F7_O_M02,Meeting Room ,Meeting Rooms ,14.28,43.27,7,3.03,169,1,10.3,0.00362,3,35.75,0.01257,7,6.14,0.596,14,0.238,0.7213,21.54,14.33,0.00847,0.536,9.862,0.481,23.19272,2.251720388
AT_F7_O_O01,Offices,Single Cellular Office,9.24,28,7,3.03,169,1,6.67,0.00235,2,32.12,0.01129,7,3.38,0.507,1,0.2382,0.7219,19.14,11.93,0.00574,0.713,10.389,0.507,19.964,2.993103448
AT_F7_O_O02,Offices,Shared Cellular Offices,181.12,548.79,7,3.03,34,2,112.72,0.03964,5,75.79,0.02665,7,80.52,0.714,40,0.2054,0.6223,19.16,11.95,0.00633,0.314,8.704,0.425,172.32006,1.528744322
AT_F7_O_O03,Offices,Shared Cellular Offices,293.24,888.52,7,3.03,214,2,155.14,0.05455,11,128.47,0.04518,7,112.72,0.727,65,0.1746,0.5291,18.63,11.43,0.00627,0.534,8.833,0.431,474.46968,3.058332345
AT_F7_O_O04,Offices,Shared Cellular Offices,20.16,61.08,7,3.03,169,1,14.54,0.00511,3,40.07,0.01409,7,9.36,0.644,4,0.238,0.7212,19.89,12.68,0.00644,0.572,10.153,0.495,34.93776,2.402872077
AT_F8_O_O01,Offices,Shared Cellular Offices,11.76,35.63,8,3.03,169,1,8.48,0.00298,3,33.94,0.01193,7,4.76,0.561,3,0.238,0.7211,19.48,12.27,0.00594,0.531,8.936,0.436,18.91953,2.231076651
AT_F8_O_O02,Offices,Shared Cellular Offices,11.76,35.63,8,3.03,169,1,8.48,0.00298,3,33.94,0.01193,7,4.76,0.561,3,0.238,0.7211,19.62,12.41,0.00604,0.59,9.526,0.465,21.0217,2.478974057
AT_F8_O_O03,Offices,Shared Cellular Offices,11.76,35.63,8,3.03,124,2,21.21,0.00746,2,21.21,0.00746,7,12.74,0.601,3,0.5953,1.8036,19.3,12.09,0.0059,0.768,11.064,0.54,27.36384,1.290138614
AT_F8_O_O05,Offices,Shared Cellular Offices,19.32,58.54,8,3.03,169,1,13.94,0.0049,4,39.39,0.01385,7,8.9,0.638,4,0.2381,0.7215,19.76,12.55,0.006,0.463,9.368,0.457,27.10402,1.94433429
AT_F8_O_O06,Offices,Shared Cellular Offices,21,63.63,8,3.03,214,2,27.88,0.0098,2,27.88,0.0098,7,17.8,0.638,5,0.4382,1.3276,18.64,11.43,0.00573,1.417,11.363,0.555,90.16371,3.233992468
AT_F8_O_O07,Offices,Single Cellular Office,9.24,28,8,3.03,169,1,6.67,0.00235,3,32.12,0.01129,7,3.38,0.507,1,0.2382,0.7219,19.89,12.68,0.00572,0.428,9.297,0.454,11.984,1.796701649
AT_F9_O_O01,Offices,Shared Cellular Offices,25.84,78.3,9,3.03,349,1,11.51,0.00405,3,52.72,0.01854,7,7.06,0.613,6,0.147,0.4454,19.42,12.21,0.0065,0.101,7.839,0.383,7.9083,0.687080799
AT_F9_O_O02,Offices,Shared Cellular Offices,65.36,198.04,9,3.03,349,1,23.03,0.0081,6,75.14,0.02642,7,15.8,0.686,15,0.1163,0.3524,19.38,12.17,0.00639,0.101,8.072,0.394,20.00204,0.868521059
AT_F9_O_O03,Offices,Shared Cellular Offices,73.8,223.61,9,3.03,34,2,49.69,0.01747,4,66.96,0.02355,7,34.36,0.691,16,0.2222,0.6733,19.7,12.49,0.00663,0.162,6.513,0.318,36.22482,0.729016301
AT_F9_O_O04,Offices,Shared Cellular Offices,37.2,112.72,9,3.03,79,1,18.18,0.00639,4,55.75,0.01961,7,12.12,0.667,8,0.1613,0.4887,20.38,13.17,0.00644,0.018,6.544,0.319,2.02896,0.11160396
AT_F9_O_O05,Offices,Shared Cellular Offices,37.2,112.72,9,3.03,124,2,36.97,0.013,3,36.97,0.013,7,24.7,0.668,8,0.328,0.9938,19.8,12.59,0.00611,0.515,8.757,0.427,58.0508,1.570213687
AT_F9_O_O06,Offices,Single Cellular Office,9.24,28,9,3.03,169,1,6.67,0.00235,3,32.12,0.01129,7,3.38,0.507,1,0.2382,0.7219,19.59,12.38,0.00567,0.538,8.44,0.412,15.064,2.258470765
AT_F9_O_O07,Offices,Shared Cellular Offices,15.12,45.81,9,3.03,169,1,11.51,0.00405,3,36.97,0.013,7,7.06,0.613,3,0.2513,0.7612,19.92,12.71,0.00603,0.309,9.047,0.442,14.15529,1.229825369
AT_F9_O_O08,Offices,Single Cellular Office,8.4,25.45,9,3.03,169,1,6.06,0.00213,3,31.51,0.01108,7,2.92,0.482,1,0.2381,0.7214,19.97,12.76,0.00587,0.314,8.899,0.434,7.9913,1.31869637
AT_F9_O_O09,Offices,Shared Cellular Offices,37.2,112.72,9,3.03,214,2,36.97,0.013,3,36.97,0.013,7,24.7,0.668,8,0.328,0.9938,19.19,11.98,0.00595,0.883,9.542,0.466,99.53176,2.692230457
AT_F9_O_O10,Offices,Shared Cellular Offices,37.2,112.72,9,3.03,259,1,18.18,0.00639,3,55.75,0.01961,7,12.12,0.667,8,0.1613,0.4887,19.3,12.09,0.00622,0.632,7.839,0.383,71.23904,3.918539054
AT_F9_O_O11,Offices,Shared Cellular Offices,71.6,216.95,9,3.03,304,2,49.09,0.01726,4,63.63,0.02238,7,33.9,0.691,16,0.2263,0.6856,18.86,11.65,0.00622,0.589,7.764,0.379,127.78355,2.603046445
AT_F9_O_O12,Offices,Shared Cellular Offices,68.8,208.46,9,3.03,349,1,24.24,0.00852,7,76.36,0.02685,7,16.72,0.69,15,0.1163,0.3523,19.34,12.13,0.00639,0.071,7.995,0.39,14.80066,0.610588284
RC1_F0_O_O01,Offices,Shared Cellular Offices,45.94,124.49,0,2.71,275,1,26.42,0.00581,5,49.46,0.01088,10,8.4,0.318,10,0.5752,0.2122,17.91,10.7,0.006916209,0.49991,7.577,0.37,62.2337959,2.355556241
RC1_F0_O_O02,Offices,Shared Cellular Offices,24.38,66.06,0,2.71,95,1,10.84,0.00238,4,46.07,0.01014,10,2.1,0.194,5,0.4447,0.1641,19.12,11.92,0.008320978,0.04578,4.448,0.217,3.0242268,0.278987712
RC1_F0_O_O03,Offices,Shared Cellular Offices,22.31,60.47,0,2.71,275,1,11.52,0.00253,3,39.97,0.00879,10,2.1,0.182,5,0.5162,0.1905,18.08,10.87,0.007221689,0.45473,6.261,0.306,27.4975231,2.386937769
RC1_F0_O_O04,Offices,Shared Cellular Offices,13.13,35.57,0,2.71,275,1,6.78,0.00149,3,35.23,0.00775,10,2.1,0.31,2,0.5162,0.1905,18.05,10.84,0.006634375,0.4635,6.263,0.306,16.486695,2.431665929
RC1_F0_O_O05,Offices,Shared Cellular Offices,13.13,35.57,0,2.71,275,1,6.78,0.00149,3,35.23,0.00775,10,2.1,0.31,2,0.5162,0.1905,18.02,10.81,0.006514446,0.46649,6.3,0.307,16.5930493,2.447352404
RC1_F0_O_O06,Offices,Shared Cellular Offices,13.69,37.09,0,2.71,320,2,8.81,0.00194,3,31.84,0.00701,10,2.1,0.238,2,0.6435,0.2374,17.95,10.74,0.006371507,0.44917,6.549,0.32,16.6597153,1.891000602
RC1_F0_O_O07,Offices,Shared Cellular Offices,31.38,85.03,0,2.71,320,2,25.75,0.00566,3,27.1,0.00596,10,8.4,0.326,7,0.8206,0.3028,17.69,10.48,0.006528955,0.70139,7.176,0.35,59.6391917,2.316085115
RC1_F0_O_O08,Offices,Single Cellular Office,11,29.81,0,2.71,5,1,6.1,0.00134,3,27.78,0.00611,10,2.1,0.344,1,0.5543,0.2045,18.53,11.32,0.007077251,0.13295,5.002,0.244,3.9632395,0.649711393
RC1_F0_O_O09,Offices,Shared Cellular Offices,13,35.23,0,2.71,5,1,8.81,0.00194,3,30.49,0.00671,10,2.1,0.238,2,0.6775,0.25,18.88,11.67,0.008122679,0.12656,4.73,0.231,4.4587088,0.506096345
RC1_F0_O_O10,Offices,Single Cellular Office,10,27.1,0,2.71,5,1,6.78,0.00149,3,28.46,0.00626,10,2.1,0.31,1,0.6775,0.25,18.92,11.71,0.008044126,0.12742,4.552,0.222,3.453082,0.50930413
RC1_F0_O_O11,Offices,Single Cellular Office,10,27.1,0,2.71,5,1,6.78,0.00149,3,28.46,0.00626,10,2.1,0.31,1,0.6775,0.25,18.91,11.71,0.00807173,0.12774,4.49,0.219,3.461754,0.510583186
RC1_F0_O_O12,Offices,Single Cellular Office,9,24.39,0,2.71,5,1,6.1,0.00134,2,27.78,0.00611,10,2.1,0.344,1,0.6775,0.25,18.84,11.63,0.008048962,0.12847,4.59,0.224,3.1333833,0.513669393
RC1_F0_O_O13,Offices,Shared Cellular Offices,14.25,38.62,0,2.71,50,2,21,0.00462,2,21,0.00462,10,2.1,0.1,2,1.4739,0.5439,18.31,11.11,0.007810804,0.18214,7.052,0.344,7.0342468,0.334964133
RC1_F0_O_O14,Offices,Open Offices,133.69,362.29,0,2.71,5,2,44.72,0.00984,9,119.92,0.02638,10,14.7,0.329,30,0.3345,0.1234,19.21,12,0.008179323,0.18545,5.754,0.281,67.1866805,1.502385521
RC1_F0_O_O15,Offices,Shared Cellular Offices,41.94,113.65,0,2.71,275,1,25.07,0.00552,4,48.1,0.01058,10,6.3,0.251,9,0.5978,0.2206,18.13,10.92,0.006610807,0.51058,8.788,0.429,58.027417,2.314615756
RC1_F0_O_O16,Offices,Shared Cellular Offices,21.13,57.25,0,2.71,95,1,8.13,0.00179,3,35.23,0.00775,10,2.1,0.258,5,0.3849,0.142,18.84,11.63,0.007999587,0.09071,5.122,0.25,5.1931475,0.63876353
RC1_F0_O_O17,Offices,Shared Cellular Offices,11.81,32.01,0,2.71,275,1,6.1,0.00134,3,34.55,0.0076,10,2.1,0.344,1,0.5162,0.1905,18.56,11.35,0.006142954,0.50859,8.059,0.393,16.2799659,2.668846869
RC1_F0_O_O18,Offices,Single Cellular Office,10.5,28.46,0,2.71,275,1,5.42,0.00119,3,33.88,0.00745,10,2.1,0.387,1,0.5162,0.1905,18.83,11.62,0.005986317,0.52955,8.398,0.41,15.070993,2.780626015
RC1_F0_O_O19,Offices,Single Cellular Office,10.5,28.46,0,2.71,275,1,5.42,0.00119,3,33.88,0.00745,10,2.1,0.387,1,0.5162,0.1905,19.15,11.95,0.005988475,0.53353,8.485,0.414,15.1842638,2.801524686
RC1_F0_O_O20,Offices,Single Cellular Office,11.81,32.01,0,2.71,275,1,6.1,0.00134,3,34.55,0.0076,10,2.1,0.344,1,0.5162,0.1905,19.55,12.34,0.0061508,0.52818,8.136,0.397,16.9070418,2.771646197
RC1_F0_O_O21,Offices,Open Offices,66.37,179.88,0,2.71,50,2,14.91,0.00328,5,90.79,0.01997,10,4.2,0.282,15,0.2246,0.0829,18.94,11.73,0.008480179,0.0482,3.759,0.183,8.670216,0.581503421
RC1_F0_O_O22,Offices,Shared Cellular Offices,23.44,63.52,0,2.71,230,2,22.36,0.00492,3,29.13,0.00641,10,6.3,0.282,5,0.9539,0.352,20.3,13.09,0.005963717,1.05545,11.831,0.577,67.042184,2.998308766
RC1_F0_O_O23,Offices,Shared Cellular Offices,13.81,37.43,0,2.71,185,1,11.52,0.00253,3,29.13,0.00641,10,2.1,0.182,3,0.8338,0.3077,19.76,12.55,0.006392277,0.62384,10.603,0.517,23.3503312,2.026938472
RC1_F0_O_O24,Offices,Single Cellular Office,10.13,27.44,0,2.71,185,1,6.1,0.00134,4,30.49,0.00671,10,2.1,0.344,1,0.6022,0.2222,20.26,13.05,0.006259215,0.42165,8.525,0.416,11.570076,1.89673377
RC1_F0_O_O25,Offices,Shared Cellular Offices,13.5,36.59,0,2.71,185,1,8.13,0.00179,3,32.52,0.00715,10,2.1,0.258,3,0.6022,0.2222,20.31,13.11,0.007127266,0.4163,8.393,0.41,15.232417,1.873606027
RC1_F0_O_O26,Offices,Shared Cellular Offices,18,48.78,0,2.71,185,1,10.84,0.00238,3,35.23,0.00775,10,4.2,0.387,4,0.6022,0.2222,20.64,13.43,0.007324494,0.41294,8.335,0.407,20.1432132,1.85823
RC1_F0_O_O27,Offices,Open Offices,58.13,157.52,0,2.71,5,1,20.33,0.00447,3,60.98,0.01341,10,6.3,0.31,13,0.3497,0.129,18.75,11.54,0.007957013,0.08588,3.968,0.194,13.5278176,0.665411589
RC1_F0_O_O28,Offices,Shared Cellular Offices,12.38,33.54,0,2.71,185,1,7.45,0.00164,3,31.84,0.00701,10,2.1,0.282,2,0.6022,0.2222,20.39,13.18,0.00628122,0.41391,8.35,0.407,13.8825414,1.863428376
RC1_F0_O_O29,Offices,Shared Cellular Offices,12.38,33.54,0,2.71,185,1,6.78,0.00149,3,31.17,0.00686,10,2.1,0.31,2,0.5475,0.202,20.23,13.02,0.006437556,0.4101,7.978,0.389,13.754754,2.028724779
RC1_F0_O_O30,Offices,Shared Cellular Offices,18,48.78,0,2.71,185,1,11.52,0.00253,3,35.91,0.0079,10,2.1,0.182,4,0.6399,0.2361,19.76,12.55,0.007300539,0.3691,7.916,0.386,18.004698,1.562907813
RC1_F1_EF_LB01,Educational Facilities,Library,72.19,195.63,1,2.71,275,1,37.26,0.0082,5,65.72,0.01446,10,10.5,0.282,14,0.5162,0.1905,19.84,12.63,0.006787013,0.48809,8.054,0.393,95.4850467,2.562668994
RC1_F1_EF_LR01,Educational Facilities,Lecture Rooms,36.75,99.59,1,2.71,275,1,14.91,0.00328,4,47.43,0.01043,10,4.2,0.282,25,0.4056,0.1497,19.46,12.25,0.007726265,0.50288,7.915,0.386,50.0818192,3.358941596
RC1_F1_EF_SR01,Educational Facilities,Study Rooms,44,119.24,1,2.71,50,2,18.97,0.00417,6,63.69,0.01401,10,4.2,0.221,18,0.4311,0.1591,20.88,13.68,0.009019475,0.07076,5.08,0.248,8.4374224,0.444777143
RC1_F1_O_O01,Offices,Shared Cellular Offices,23.38,63.35,1,2.71,95,1,14.91,0.00328,3,37.94,0.00835,10,4.2,0.282,5,0.6376,0.2353,18.93,11.73,0.006889222,0.05859,6.656,0.325,3.7116765,0.248938732
RC1_F1_O_O02,Offices,Single Cellular Office,11.81,32.01,1,2.71,275,1,6.1,0.00134,3,34.55,0.0076,10,2.1,0.344,1,0.5162,0.1905,19.29,12.08,0.006492061,0.50184,8,0.39,16.0638984,2.633425967
RC1_F1_O_O03,Offices,Open Offices,328.94,891.42,1,2.71,320,2,132.11,0.02906,11,136.18,0.02996,10,37.62,0.285,73,0.4016,0.1482,20.07,12.86,0.008023389,0.25409,6.587,0.321,226.5009078,1.714487229
RC1_F1_O_O04,Offices,Shared Cellular Offices,17.87,48.44,1,2.71,185,1,8.81,0.00194,3,38.62,0.0085,10,2.1,0.238,3,0.4927,0.1818,21.04,13.83,0.007554375,0.40536,8.658,0.423,19.6356384,2.22878983
RC1_F1_O_O05,Offices,Shared Cellular Offices,16.5,44.72,1,2.71,185,1,8.13,0.00179,3,37.94,0.00835,10,2.1,0.258,3,0.4927,0.1818,21.29,14.08,0.007571365,0.40479,8.622,0.421,18.1022088,2.226593948
RC1_F1_O_O06,Offices,Shared Cellular Offices,16.5,44.72,1,2.71,185,1,8.13,0.00179,3,37.94,0.00835,10,2.1,0.258,3,0.4927,0.1818,21.21,14,0.00750029,0.40479,8.528,0.416,18.1022088,2.226593948
RC1_F1_O_O07,Offices,Shared Cellular Offices,18,48.78,1,2.71,5,1,8.13,0.00179,3,40.65,0.00894,10,2.1,0.258,3,0.4517,0.1667,20.42,13.21,0.008685592,0.1077,5.223,0.255,5.253606,0.6462
RC1_F1_O_O08,Offices,Shared Cellular Offices,29.25,79.27,1,2.71,95,1,12.2,0.00268,4,47.43,0.01043,10,4.2,0.344,7,0.4169,0.1538,20.15,12.94,0.008292132,0.08076,6.098,0.298,6.4018452,0.52474141
RC1_F1_O_O09,Offices,Shared Cellular Offices,22.31,60.47,1,2.71,95,1,11.52,0.00253,3,39.97,0.00879,10,4.2,0.365,5,0.5162,0.1905,20.95,13.74,0.007202641,0.50991,8.495,0.415,30.8342577,2.67658487
RC1_F1_O_O10,Offices,Shared Cellular Offices,17.06,46.24,1,2.71,230,2,12.87,0.00283,3,33.2,0.0073,10,2.1,0.163,3,0.7544,0.2784,21.33,14.13,0.006524334,0.68506,10.851,0.53,31.6771744,2.461318912
RC1_F1_O_O11,Offices,Shared Cellular Offices,21.56,58.43,1,2.71,230,2,25.75,0.00566,3,25.75,0.00566,10,6.3,0.245,5,1.194,0.4406,22.52,15.31,0.0064992,0.82999,11.57,0.565,48.4963157,1.883352066
RC1_F1_O_O12,Offices,Single Cellular Office,9,24.39,1,2.71,185,1,5.42,0.00119,3,29.81,0.00656,10,2.1,0.387,1,0.6022,0.2222,23.17,15.96,0.006612638,0.46269,10.108,0.493,11.2850091,2.082105
RC1_F1_O_O13,Offices,Shared Cellular Offices,14.37,38.96,1,2.71,185,1,6.78,0.00149,3,37.94,0.00835,10,2.1,0.31,2,0.4713,0.1739,22.96,15.75,0.00722016,0.3231,7.927,0.387,12.587976,1.856633628
RC1_F1_O_O14,Offices,Shared Cellular Offices,18.69,50.64,1,2.71,185,1,8.81,0.00194,3,39.97,0.00879,10,2.1,0.238,3,0.4713,0.1739,22.67,15.46,0.007875848,0.33436,7.819,0.382,16.9319904,1.921905834
RC1_F1_O_O15,Offices,Shared Cellular Offices,28.75,77.91,1,2.71,185,1,13.55,0.00298,3,44.72,0.00984,10,4.2,0.31,6,0.4713,0.1739,22.83,15.62,0.008344405,0.33403,7.69,0.375,26.0242773,1.920610871
RC1_F1_O_O16,Offices,Shared Cellular Offices,18.69,50.64,1,2.71,185,1,8.81,0.00194,3,39.97,0.00879,10,2.1,0.238,3,0.4713,0.1739,22.61,15.4,0.008105446,0.33889,7.747,0.378,17.1613896,1.947944336
RC1_F1_O_O17,Offices,Shared Cellular Offices,12.94,35.06,1,2.71,185,1,6.1,0.00134,3,37.26,0.0082,10,2.1,0.344,2,0.4713,0.1739,22.9,15.69,0.006956987,0.34285,7.801,0.381,12.020321,1.970544426
RC1_F1_O_O18,Offices,Shared Cellular Offices,12.94,35.06,1,2.71,185,1,6.1,0.00134,3,37.26,0.0082,10,2.1,0.344,2,0.4713,0.1739,22.69,15.48,0.007044182,0.3426,7.738,0.378,12.011556,1.969107541
RC1_F1_O_O19,Offices,Shared Cellular Offices,21.56,58.43,1,2.71,185,1,10.16,0.00224,4,41.33,0.00909,10,2.1,0.207,5,0.4712,0.1739,21.78,14.57,0.007923843,0.33697,7.51,0.367,19.6891571,1.937909163
RC1_F1_O_O20,Offices,Shared Cellular Offices,31.63,85.7,1,2.71,5,1,15.58,0.00343,3,45.39,0.00999,10,4.2,0.27,7,0.4927,0.1818,19.95,12.74,0.008133471,0.12039,4.95,0.242,10.317423,0.662222272
RC1_F1_O_O21,Offices,Shared Cellular Offices,27.5,74.53,1,2.71,5,1,13.55,0.00298,3,43.36,0.00954,10,4.2,0.31,6,0.4927,0.1818,20.32,13.11,0.008211239,0.12286,5.261,0.257,9.1567558,0.675775336
RC1_F2_EF_LR01,Educational Facilities,Lecture Rooms,83.13,225.27,2,2.71,140,2,18.97,0.00417,3,86.72,0.01908,10,6.3,0.332,55,0.2282,0.0842,22.05,14.85,0.011150484,0.06768,3.748,0.183,15.2462736,0.80370446
RC1_F2_EF_LR02,Educational Facilities,Lecture Rooms,64.87,175.81,2,2.71,185,1,25.07,0.00551,5,57.59,0.01267,10,6.3,0.251,43,0.3864,0.1426,22.2,14.99,0.00945292,0.23665,6.393,0.312,41.6054365,1.659570662
RC1_F2_EF_SR01,Educational Facilities,Study Rooms,77.44,209.86,2,2.71,320,2,43.36,0.00954,3,65.04,0.01431,10,10.5,0.242,31,0.5599,0.2066,20.19,12.98,0.009066667,0.33078,5.407,0.264,69.4174908,1.600956891
RC1_F2_EF_SR02,Educational Facilities,Study Rooms,144,390.24,2,2.71,320,2,81.3,0.01789,5,81.3,0.01789,10,25.5,0.314,58,0.5646,0.2083,20.64,13.43,0.009641715,0.168,4.721,0.23,65.56032,0.8064
RC1_F2_O_M01,Meeting Room ,Meeting Rooms ,19.5,52.85,2,2.71,95,1,8.13,0.00179,3,43.36,0.00954,10,2.1,0.258,10,0.4169,0.1538,22.09,14.88,0.011234591,0.29895,5.042,0.246,15.7995075,1.943358856
RC1_F2_O_M02,Meeting Room ,Meeting Rooms ,33.06,89.6,2,2.71,185,1,15.58,0.00343,4,46.48,0.01023,10,8.4,0.539,17,0.4713,0.1739,25.88,18.67,0.0141626,0.14142,5.381,0.263,12.671232,0.813301155
RC1_F2_O_O01,Offices,Shared Cellular Offices,23.38,63.35,2,2.71,95,1,14.91,0.00328,3,37.94,0.00835,10,4.2,0.282,5,0.6376,0.2353,19.15,11.95,0.006481533,0.38539,7.341,0.358,24.4144565,1.637455164
RC1_F2_O_O02,Offices,Shared Cellular Offices,14.44,39.13,2,2.71,275,1,7.45,0.00164,3,35.91,0.0079,10,2.1,0.282,2,0.5162,0.1905,19.78,12.57,0.008303943,0.33278,5.233,0.255,13.0216814,1.747876698
RC1_F2_O_O03,Offices,Shared Cellular Offices,19.69,53.35,2,2.71,275,1,10.16,0.00224,3,38.62,0.0085,10,2.1,0.207,4,0.5162,0.1905,19.67,12.46,0.008146023,0.33567,5.431,0.265,17.9079945,1.762597884
RC1_F2_O_O04,Offices,Shared Cellular Offices,14.44,39.13,2,2.71,275,1,7.45,0.00164,3,35.91,0.0079,10,2.1,0.282,2,0.5162,0.1905,19.65,12.44,0.008083311,0.3382,5.501,0.268,13.233766,1.77634443
RC1_F2_O_O05,Offices,Shared Cellular Offices,14.44,39.13,2,2.71,275,1,7.45,0.00164,3,35.91,0.0079,10,2.1,0.282,2,0.5162,0.1905,19.64,12.44,0.00808109,0.33826,5.505,0.269,13.2361138,1.77665957
RC1_F2_O_O06,Offices,Shared Cellular Offices,19.69,53.35,2,2.71,275,1,10.16,0.00224,3,38.62,0.0085,10,2.1,0.207,4,0.5162,0.1905,19.72,12.52,0.00837176,0.31617,4.746,0.232,16.8676695,1.660203691
RC1_F2_O_O07,Offices,Shared Cellular Offices,14.44,39.13,2,2.71,275,1,7.45,0.00164,3,35.91,0.0079,10,2.1,0.282,2,0.5162,0.1905,19.76,12.56,0.008349364,0.33594,5.45,0.266,13.1453322,1.764474121
RC1_F2_O_O08,Offices,Shared Cellular Offices,18,48.78,2,2.71,5,1,8.13,0.00179,3,40.65,0.00894,10,2.1,0.258,4,0.4517,0.1667,20.8,13.59,0.009487623,0.06748,4.21,0.205,3.2916744,0.40488
RC1_F2_O_O09,Offices,Single Cellular Office,11.81,32.01,2,2.71,275,1,6.1,0.00134,3,34.55,0.0076,10,2.1,0.344,1,0.5162,0.1905,20.2,13,0.008250238,0.29544,4.878,0.238,9.4570344,1.550333508
RC1_F2_O_O10,Offices,Shared Cellular Offices,29.25,79.27,2,2.71,95,1,12.2,0.00268,3,40.65,0.00894,10,4.2,0.344,7,0.4169,0.1538,19.93,12.72,0.008998508,0.24039,4.403,0.215,19.0557153,1.561943877
RC1_F2_O_O11,Offices,Single Cellular Office,11.81,32.01,2,2.71,275,1,6.1,0.00134,3,34.55,0.0076,10,2.1,0.344,1,0.5162,0.1905,20.53,13.32,0.008268996,0.29201,4.811,0.235,9.3472401,1.532334443
RC1_F2_O_O12,Offices,Shared Cellular Offices,36.75,99.59,2,2.71,275,1,18.97,0.00417,3,47.43,0.01043,10,4.2,0.221,8,0.5162,0.1905,21.26,14.05,0.009188624,0.2837,4.731,0.231,28.253683,1.489387612
RC1_F2_O_O13,Offices,Shared Cellular Offices,17.06,46.24,2,2.71,230,2,12.87,0.00283,3,33.2,0.0073,10,2.1,0.163,3,0.7544,0.2784,22.1,14.89,0.008491164,0.39311,7.004,0.342,18.1774064,1.41238589
RC1_F2_O_O14,Offices,Shared Cellular Offices,33.06,89.6,2,2.71,230,2,31.17,0.00686,3,31.17,0.00686,10,8.4,0.27,7,0.9426,0.3478,24.36,17.15,0.009187318,0.46181,8.171,0.399,41.378176,1.327500032
RC1_F2_O_O15,Offices,Shared Cellular Offices,14.37,38.96,2,2.71,185,1,6.78,0.00149,3,37.94,0.00835,10,2.1,0.31,2,0.4713,0.1739,24.95,17.74,0.010178415,0.13876,4.956,0.242,5.4060896,0.797358348
RC1_F2_O_O16,Offices,Shared Cellular Offices,14.37,38.96,2,2.71,185,1,6.78,0.00149,3,37.94,0.00835,10,2.1,0.31,2,0.4713,0.1739,24.54,17.33,0.009498002,0.13785,4.92,0.24,5.370636,0.792129204
RC1_F2_O_O17,Offices,Shared Cellular Offices,18.69,50.64,2,2.71,185,1,8.81,0.00194,3,39.97,0.00879,10,2.1,0.238,4,0.4713,0.1739,23.95,16.74,0.010919461,0.13686,4.878,0.238,6.9305904,0.786673144
RC1_F2_O_O18,Offices,Shared Cellular Offices,12.94,35.06,2,2.71,185,1,6.1,0.00134,3,37.26,0.0082,10,2.1,0.344,2,0.4713,0.1739,24.2,16.99,0.009287009,0.13736,4.938,0.241,4.8158416,0.78948223
RC1_F2_O_O19,Offices,Shared Cellular Offices,12.94,35.06,2,2.71,185,1,6.1,0.00134,3,37.26,0.0082,10,2.1,0.344,2,0.4713,0.1739,23.79,16.58,0.009035893,0.13659,4.935,0.241,4.7888454,0.785056623
RC1_F2_O_O20,Offices,Shared Cellular Offices,21.56,58.43,2,2.71,185,1,10.16,0.00224,5,41.33,0.00909,10,2.1,0.207,5,0.4713,0.1739,22.51,15.3,0.008809416,0.133,4.797,0.234,7.77119,0.764880906
RC1_F2_O_O21,Offices,Single Cellular Office,9.62,26.08,2,2.71,5,1,4.74,0.00104,3,34.55,0.0076,10,2.1,0.443,1,0.4927,0.1818,19.45,12.25,0.007976518,0.13906,4.818,0.235,3.6266848,0.765123376
RC1_F2_O_O22,Offices,Single Cellular Office,11,29.81,2,2.71,5,1,5.42,0.00119,3,35.23,0.00775,10,2.1,0.387,1,0.4927,0.1818,19.82,12.61,0.008172526,0.13966,4.884,0.238,4.1632646,0.76813
RC1_F2_O_O23,Offices,Shared Cellular Offices,20.62,55.89,2,2.71,5,1,10.16,0.00224,3,39.97,0.00879,10,2.1,0.207,5,0.4927,0.1818,19.99,12.78,0.009221894,0.13985,4.866,0.237,7.8162165,0.769312648
RC1_F2_O_O24,Offices,Shared Cellular Offices,17.87,48.44,2,2.71,5,1,8.81,0.00194,3,38.62,0.0085,10,2.1,0.238,3,0.4927,0.1818,20.67,13.47,0.009487794,0.15047,5.075,0.248,7.2887668,0.827328808
RC1_F3_O_O01,Offices,Shared Cellular Offices,23.38,63.35,3,2.71,95,1,14.91,0.00328,3,37.94,0.00835,10,4.2,0.282,5,0.6376,0.2353,19.15,11.94,0.006415026,0.01704,6.861,0.335,1.079484,0.0724
RC1_F3_O_O02,Offices,Shared Cellular Offices,15.75,42.68,3,2.71,275,1,12.2,0.00268,3,31.17,0.00686,10,2.1,0.172,3,0.7743,0.2857,18.34,11.13,0.006463188,0.69822,8.071,0.394,29.8000296,2.442625377
RC1_F3_O_O03,Offices,Shared Cellular Offices,12.25,33.2,3,2.71,275,1,9.49,0.00209,3,28.46,0.00626,10,2.1,0.221,2,0.7743,0.2857,18.5,11.29,0.006455677,0.69829,8.044,0.393,23.183228,2.442911275
RC1_F3_O_O04,Offices,Single Cellular Office,10.5,28.46,3,2.71,275,1,8.13,0.00179,3,27.1,0.00596,10,2.1,0.258,1,0.7743,0.2857,18.49,11.29,0.005784107,0.70049,8.048,0.393,19.9359454,2.452145806
RC1_F3_O_O05,Offices,Single Cellular Office,10.5,28.46,3,2.71,275,1,8.13,0.00179,3,27.1,0.00596,10,2.1,0.258,1,0.7743,0.2857,18.21,11,0.005786983,0.69906,8.021,0.391,19.8952476,2.447139926
RC1_F3_O_O06,Offices,Shared Cellular Offices,14,37.94,3,2.71,275,1,10.84,0.00238,3,31.17,0.00686,10,2.1,0.194,2,0.7743,0.2857,18.41,11.2,0.00632619,0.69308,8.217,0.401,26.2954552,2.42578
RC1_F3_O_O07,Offices,Single Cellular Office,11.81,32.01,3,2.71,230,2,10.84,0.00238,3,29.81,0.00656,10,2.1,0.194,1,0.9177,0.3386,18.46,11.25,0.005691477,0.73471,9.558,0.466,23.5180671,2.169563386
RC1_F3_O_O08,Offices,Single Cellular Office,11.81,32.01,3,2.71,275,1,6.1,0.00134,3,34.55,0.0076,10,2.1,0.344,1,0.5162,0.1905,18.88,11.67,0.006239263,0.45715,6.492,0.317,14.6333715,2.398913361
RC1_F3_O_O09,Offices,Single Cellular Office,11.81,32.01,3,2.71,275,1,6.1,0.00134,3,34.55,0.0076,10,2.1,0.344,1,0.5162,0.1905,18.91,11.7,0.006397675,0.45742,6.259,0.305,14.6420142,2.400330197
RC1_F3_O_O10,Offices,Shared Cellular Offices,17.06,46.24,3,2.71,275,1,8.81,0.00194,3,37.26,0.0082,10,2.1,0.238,3,0.5162,0.1905,18.77,11.56,0.007135908,0.45574,6.328,0.309,21.0734176,2.391988377
RC1_F3_O_O11,Offices,Shared Cellular Offices,14.63,39.63,3,2.71,95,1,10.16,0.00224,3,41.33,0.00909,10,2.1,0.207,2,0.6949,0.2564,19.12,11.91,0.006370532,0.24518,7.344,0.358,9.7164834,0.956346791
RC1_F3_O_O12,Offices,Shared Cellular Offices,28.37,76.9,3,2.71,95,1,7.45,0.00164,3,61.65,0.01356,10,2.1,0.282,6,0.2626,0.0969,19.53,12.32,0.007882303,0.02404,4.333,0.211,1.848676,0.24814443
RC1_F3_O_O13,Offices,Shared Cellular Offices,12.25,33.2,3,2.71,95,1,9.49,0.00209,2,28.46,0.00626,10,2.1,0.221,2,0.7743,0.2857,19.67,12.46,0.007479412,0.06916,5.208,0.254,2.296112,0.241950685
RC1_F3_O_O14,Offices,Shared Cellular Offices,32.06,86.89,3,2.71,320,2,31.17,0.00686,3,31.17,0.00686,10,6.3,0.202,7,0.972,0.3587,18.48,11.27,0.006952243,0.4541,7.122,0.348,39.456749,1.265856561
RC1_F3_O_O15,Offices,Shared Cellular Offices,14.25,38.62,3,2.71,5,1,8.13,0.00179,3,33.88,0.00745,10,2.1,0.258,2,0.5705,0.2105,18.73,11.52,0.007513579,0.10045,4.69,0.229,3.879379,0.477168389
RC1_F3_O_O16,Offices,Shared Cellular Offices,13.06,35.4,3,2.71,185,1,7.45,0.00164,3,33.2,0.0073,10,2.1,0.282,2,0.5705,0.2105,19.91,12.7,0.00669202,0.40505,8.608,0.42,14.33877,1.924667114
RC1_F3_O_O17,Offices,Shared Cellular Offices,13.06,35.4,3,2.71,185,1,7.45,0.00164,3,33.2,0.0073,10,2.1,0.282,2,0.5705,0.2105,20.73,13.52,0.006962165,0.40101,8.54,0.417,14.195754,1.905470336
RC1_F3_O_O18,Offices,Shared Cellular Offices,30.87,83.67,3,2.71,185,1,17.62,0.00388,3,43.36,0.00954,10,6.3,0.358,7,0.5705,0.2105,20.71,13.51,0.00716356,0.38668,8.197,0.4,32.3535156,1.836181362
RC1_F3_O_O19,Offices,Shared Cellular Offices,16.19,43.87,3,2.71,320,2,12.2,0.00268,4,32.52,0.00715,10,2.1,0.172,3,0.7534,0.278,18.42,11.22,0.006535182,0.53161,8.546,0.417,23.3217307,1.91161727
RC1_F3_O_O20,Offices,Single Cellular Office,11.81,32.01,3,2.71,275,1,6.1,0.00134,3,34.55,0.0076,10,2.1,0.344,1,0.5162,0.1905,18.71,11.5,0.006037708,0.51553,7.803,0.381,16.5021153,2.705264803
RC1_F3_O_O21,Offices,Shared Cellular Offices,21.13,57.25,3,2.71,50,2,12.87,0.00283,3,39.97,0.00879,10,2.1,0.163,5,0.6093,0.2249,18.26,11.06,0.007057057,0.10889,6.584,0.321,6.2339525,0.484378594
RC1_F3_O_O22,Offices,Shared Cellular Offices,21.13,57.25,3,2.71,95,1,8.81,0.00194,3,44.04,0.00969,10,2.1,0.238,5,0.4169,0.1538,18.42,11.21,0.007619743,0.05778,5.602,0.273,3.307905,0.375471623
RC1_F3_O_O23,Offices,Single Cellular Office,10.5,28.46,3,2.71,275,1,5.42,0.00119,3,33.88,0.00745,10,2.1,0.387,1,0.5162,0.1905,18.88,11.67,0.005991347,0.51693,7.72,0.377,14.7118278,2.714359373
RC1_F3_O_O24,Offices,Shared Cellular Offices,13.13,35.57,3,2.71,275,1,6.78,0.00149,3,35.23,0.00775,10,2.1,0.31,2,0.5162,0.1905,19.02,11.81,0.005992455,0.51509,7.72,0.377,18.3217513,2.702323201
RC1_F3_O_O25,Offices,Shared Cellular Offices,13.13,35.57,3,2.71,275,1,6.78,0.00149,3,35.23,0.00775,10,2.1,0.31,2,0.5162,0.1905,19.43,12.22,0.005875536,0.51193,8.744,0.427,18.2093501,2.685744853
RC1_F3_O_O26,Offices,Shared Cellular Offices,14.44,39.13,3,2.71,230,2,21.68,0.00477,2,21.68,0.00477,10,2.1,0.097,2,1.5016,0.5541,18.9,11.69,0.005722641,1.19994,13.087,0.639,46.9536522,2.165758865
RC1_F3_O_O27,Offices,Shared Cellular Offices,33,89.43,3,2.71,5,1,14.91,0.00328,5,74.53,0.0164,10,4.2,0.282,7,0.4517,0.1667,18.06,10.85,0.006466975,0.08929,8.629,0.421,7.9852047,0.535560342
RC1_F3_O_O28,Offices,Shared Cellular Offices,18,48.78,3,2.71,5,1,10.84,0.00238,3,35.23,0.00775,10,4.2,0.387,3,0.6022,0.2222,17.71,10.5,0.006468103,0.14491,7.691,0.375,7.0687098,0.652095
RC1_F3_O_O29,Offices,Shared Cellular Offices,18,48.78,3,2.71,5,1,10.84,0.00238,3,35.23,0.00775,10,4.2,0.387,3,0.6022,0.2222,17.52,10.31,0.006408568,0.14369,7.578,0.37,7.0091982,0.646605
RC2_F0_EF_SR01,Educational Facilities,Computer Rooms,118.19,320.29,0,2.71,5,1,40.65,0.00894,9,86.05,0.01893,10,12.6,0.31,47,0.3439,0.1269,19.14,11.94,0.008328996,0.05573,5.096,0.249,17.8497617,0.439108529
RC2_F0_EF_SR02,Educational Facilities,Computer Rooms,202,547.42,0,2.71,320,2,52.17,0.01148,10,144.29,0.03174,10,16.8,0.322,81,0.2583,0.0953,19.46,12.25,0.009232917,0.08812,4.474,0.218,48.2386504,0.924643481
RC2_F0_EF_SR03,Educational Facilities,Computer Rooms,41.69,112.97,0,2.71,140,2,22.36,0.00492,3,48.1,0.01058,10,6.3,0.282,17,0.5363,0.1979,18.85,11.64,0.008322165,0.31633,7.124,0.348,35.7358001,1.598202151
RC2_F0_EF_SR04,Educational Facilities,Computer Rooms,41.69,112.97,0,2.71,185,1,19.65,0.00432,3,50.81,0.01118,10,6.3,0.321,17,0.4713,0.1739,19.6,12.39,0.008696696,0.30509,6.778,0.331,34.4660173,1.753995791
RC2_F0_EF_SR05,Educational Facilities,Computer Rooms,41.69,112.97,0,2.71,185,1,19.65,0.00432,3,50.81,0.01118,10,6.3,0.321,17,0.4713,0.1739,20.25,13.04,0.008907414,0.30575,6.799,0.332,34.5405775,1.757790204
RC2_F0_EF_W01,Educational Facilities,Workshops,57.06,154.64,0,2.71,230,2,14.91,0.00328,4,70.46,0.0155,10,8.4,0.564,23,0.2612,0.0964,19.64,12.43,0.008937853,0.23345,5.201,0.254,36.100708,2.421241315
RC2_F0_EF_W02,Educational Facilities,Workshops,12.94,35.06,0,2.71,95,1,6.78,0.00149,3,37.94,0.00835,10,2.1,0.31,5,0.5237,0.1932,18.93,11.72,0.009314442,0.04945,4.922,0.24,1.733717,0.255710472
RC2_F0_O_A01,Offices,Admin Offices,12,32.52,0,2.71,95,1,7.45,0.00164,3,29.11,0.0064,10,2.1,0.282,2,0.621,0.2292,19,11.79,0.008917634,0.06279,5.024,0.245,2.0419308,0.274084671
RC2_F0_O_M01,Meeting Room ,Meeting Rooms ,26.25,71.14,0,2.71,320,2,16.94,0.00373,3,38.62,0.0085,10,4.2,0.248,13,0.6452,0.2381,19.02,11.81,0.009208315,0.57422,8.366,0.408,40.8500108,2.411452822
RC2_F0_O_M02,Meeting Room ,Meeting Rooms ,22.5,60.98,0,2.71,275,1,12.2,0.00268,3,39.3,0.00864,10,4.2,0.344,11,0.542,0.2,19.59,12.38,0.009780926,0.52369,6.719,0.328,31.9346162,2.617591492
RC2_F0_O_M03,Meeting Room ,Meeting Rooms ,27.5,74.53,0,2.71,230,2,16.94,0.00373,3,38.62,0.0085,10,4.2,0.248,14,0.6159,0.2273,19.03,11.82,0.008956436,0.62596,9.295,0.454,46.6527988,2.75400229
RC2_F0_O_O01,Offices,Shared Cellular Offices,12.94,35.06,0,2.71,95,1,6.1,0.00134,3,37.26,0.0082,10,2.1,0.344,2,0.4713,0.1739,20.09,12.88,0.008458378,0.07095,5.741,0.28,2.487507,0.407788033
RC2_F0_O_O02,Offices,Shared Cellular Offices,12.94,35.06,0,2.71,95,1,6.1,0.00134,3,37.26,0.0082,10,2.1,0.344,2,0.4713,0.1739,19.83,12.62,0.008483237,0.06506,5.045,0.246,2.2810036,0.373935016
RC2_F0_O_O03,Offices,Single Cellular Office,11.25,30.49,0,2.71,275,1,6.1,0.00134,3,33.2,0.0073,10,2.1,0.344,1,0.542,0.2,18.53,11.32,0.00752753,0.5414,7.534,0.368,16.507286,2.706112459
RC2_F0_O_O04,Offices,Single Cellular Office,11.25,30.49,0,2.71,275,1,6.1,0.00134,3,33.2,0.0073,10,2.1,0.344,1,0.542,0.2,18.74,11.53,0.007838657,0.53798,6.829,0.333,16.4030102,2.689018066
RC2_F0_O_O05,Offices,Shared Cellular Offices,14.37,38.96,0,2.71,95,1,6.78,0.00149,3,37.94,0.00835,10,2.1,0.31,2,0.4713,0.1739,19.24,12.03,0.008362314,0.04042,3.807,0.186,1.5747632,0.232265959
RC2_F0_O_O06,Offices,Open Offices,77,208.67,0,2.71,50,2,56.23,0.01237,3,56.23,0.01237,10,14.7,0.261,17,0.7303,0.2695,18.45,11.24,0.008605011,0.08235,4.267,0.208,17.1839745,0.305601538
RC2_F0_O_O07,Offices,Shared Cellular Offices,15.81,42.85,0,2.71,5,1,8.13,0.00179,3,40.65,0.00894,10,2.1,0.258,3,0.5141,0.1897,18.77,11.56,0.008511142,0.0782,4.307,0.21,3.35087,0.412161132
RC2_F0_O_O08,Offices,Shared Cellular Offices,25.88,70.12,0,2.71,185,1,12.2,0.00268,3,40.65,0.00894,10,4.2,0.344,6,0.4713,0.1739,19.65,12.44,0.00753295,0.37469,7.227,0.353,26.2732628,2.153546131
RC2_F0_O_O09,Offices,Shared Cellular Offices,15.81,42.85,0,2.71,185,1,6.78,0.00149,3,35.23,0.00775,10,2.1,0.31,3,0.4285,0.1581,19.66,12.45,0.007299993,0.37504,7.167,0.35,16.070464,2.370274926
RC2_F0_O_O10,Offices,Single Cellular Office,11.81,32.01,0,2.71,185,1,6.1,0.00134,3,34.55,0.0076,10,2.1,0.344,1,0.5162,0.1905,19.22,12.01,0.006783824,0.37311,8.327,0.406,11.9432511,1.957910016
RC2_F0_O_O11,Offices,Shared Cellular Offices,14.25,38.62,0,2.71,320,2,21,0.00462,2,21,0.00462,10,2.1,0.1,2,1.4739,0.5439,17.46,10.25,0.006543836,0.89467,8.557,0.418,34.5521554,1.645340733
RC2_F0_O_O12,Offices,Shared Cellular Offices,22.75,61.65,0,2.71,140,2,27.1,0.00596,3,27.1,0.00596,10,6.3,0.232,5,1.1912,0.4396,18.13,10.93,0.007804981,0.36693,8.341,0.407,22.6212345,0.8347319
RC2_F0_O_O13,Offices,Single Cellular Office,10.69,28.96,0,2.71,185,1,6.1,0.00134,3,31.84,0.00701,10,2.1,0.344,1,0.5705,0.2105,18.06,10.85,0.007051109,0.39472,7.845,0.383,11.4310912,1.873949377
RC2_F0_O_O14,Offices,Shared Cellular Offices,14.63,39.63,0,2.71,185,1,7.45,0.00164,3,31.84,0.00701,10,2.1,0.282,2,0.5096,0.188,19.99,12.78,0.007367284,0.39582,7.148,0.349,15.6863466,2.105549879
RC2_F1_EF_SR01,Educational Facilities,Computer Rooms,105.75,286.58,1,2.71,5,2,44.04,0.00969,5,87.4,0.01923,10,12.6,0.286,42,0.4164,0.1537,20.04,12.83,0.009241053,0.17319,5.273,0.257,49.6327902,1.12699342
RC2_F1_EF_SR02,Educational Facilities,Computer Rooms,106.87,289.63,1,2.71,5,1,31.17,0.00686,6,86.72,0.01908,10,10.5,0.337,43,0.2916,0.1076,20.81,13.61,0.009690837,0.06692,3.649,0.178,19.3820396,0.621817119
RC2_F1_EF_W01,Educational Facilities,Workshops,123.19,333.84,1,2.71,230,2,33.88,0.00745,4,98.92,0.02176,10,14.7,0.434,49,0.275,0.1015,21.69,14.48,0.009876235,0.23423,5.645,0.276,78.1953432,2.308008949
RC2_F1_O_A01,Offices,Admin Offices,12.5,33.88,1,2.71,275,1,6.78,0.00149,3,33.88,0.00745,10,2.1,0.31,2,0.542,0.2,18.87,11.66,0.006831142,0.51572,7.02,0.343,17.4725936,2.577078702
RC2_F1_O_M01,Meeting Room ,Meeting Rooms ,64.69,175.3,1,2.71,140,2,46.07,0.01014,3,46.07,0.01014,10,16.8,0.365,32,0.7122,0.2628,21.32,14.11,0.01089356,0.22402,6.975,0.34,39.270706,0.852413848
RC2_F1_O_O01,Offices,Shared Cellular Offices,35,94.85,1,2.71,275,1,18.97,0.00417,3,46.07,0.01014,10,4.2,0.221,8,0.542,0.2,19.21,12.01,0.007255506,0.52314,7.054,0.344,49.619829,2.6157
RC2_F1_O_O02,Offices,Shared Cellular Offices,22.5,60.98,1,2.71,275,1,12.2,0.00268,3,39.3,0.00864,10,4.2,0.344,5,0.542,0.2,18.79,11.58,0.007193251,0.50688,6.874,0.335,30.9095424,2.533569049
RC2_F1_O_O03,Offices,Shared Cellular Offices,35,94.85,1,2.71,275,1,18.97,0.00417,3,46.07,0.01014,10,4.2,0.221,8,0.542,0.2,18.73,11.52,0.007070279,0.51652,6.975,0.34,48.991922,2.5826
RC2_F1_O_O04,Offices,Shared Cellular Offices,12.94,35.06,1,2.71,95,1,6.1,0.00134,3,37.26,0.0082,10,2.1,0.344,2,0.4713,0.1739,21.74,14.53,0.009399628,0.047,4.514,0.22,1.64782,0.270134426
RC2_F1_O_O05,Offices,Single Cellular Office,11.25,30.49,1,2.71,275,1,6.1,0.00134,3,33.2,0.0073,10,2.1,0.344,1,0.542,0.2,19.75,12.54,0.007498787,0.55179,6.899,0.337,16.8240771,2.758045426
RC2_F1_O_O06,Offices,Shared Cellular Offices,12.94,35.06,1,2.71,95,1,6.1,0.00134,3,37.26,0.0082,10,2.1,0.344,2,0.4713,0.1739,21.59,14.38,0.009681031,0.04483,4.346,0.212,1.5717398,0.257662262
RC2_F1_O_O07,Offices,Single Cellular Office,11.25,30.49,1,2.71,275,1,6.1,0.00134,3,33.2,0.0073,10,2.1,0.344,1,0.542,0.2,20.11,12.91,0.007888929,0.55679,6.942,0.339,16.9765271,2.78303723
RC2_F1_O_O08,Offices,Shared Cellular Offices,14.37,38.96,1,2.71,95,1,6.78,0.00149,3,37.94,0.00835,10,2.1,0.31,2,0.4713,0.1739,20.94,13.73,0.009602262,0.04383,4.234,0.207,1.7076168,0.251860885
RC2_F1_O_O09,Offices,Shared Cellular Offices,14.37,38.96,1,2.71,95,1,6.78,0.00149,3,37.94,0.00835,10,2.1,0.31,2,0.4713,0.1739,20.55,13.34,0.009448028,0.04339,4.233,0.207,1.6904744,0.249332507
RC2_F1_O_O10,Offices,Shared Cellular Offices,14.37,38.96,1,2.71,95,1,6.78,0.00149,3,37.94,0.00835,10,2.1,0.31,2,0.4713,0.1739,20.28,13.07,0.009234565,0.04313,4.341,0.212,1.6803448,0.247838466
RC2_F1_O_O11,Offices,Shared Cellular Offices,15.81,42.85,1,2.71,50,2,10.84,0.00238,3,35.23,0.00775,10,4.2,0.387,3,0.6855,0.253,19.9,12.69,0.008597143,0.09153,5.331,0.26,3.9220605,0.361813699
RC2_F1_O_O12,Offices,Shared Cellular Offices,33.38,90.45,1,2.71,50,2,31.84,0.00701,3,31.84,0.00701,10,8.4,0.264,7,0.9541,0.3521,19.4,12.19,0.008227147,0.15113,5.903,0.288,13.6697085,0.429325016
RC2_F1_O_O13,Offices,Shared Cellular Offices,12.75,34.55,1,2.71,5,1,8.13,0.00179,3,31.17,0.00686,10,2.1,0.258,2,0.6376,0.2353,19.88,12.67,0.008313132,0.16018,5.767,0.281,5.534219,0.680715744
RC2_F1_O_O14,Offices,Shared Cellular Offices,12.75,34.55,1,2.71,5,1,8.13,0.00179,3,31.17,0.00686,10,2.1,0.258,2,0.6376,0.2353,20.04,12.83,0.008423464,0.14879,5.34,0.261,5.1406945,0.632311747
RC2_F1_O_O15,Offices,Single Cellular Office,10.63,28.79,1,2.71,5,1,6.78,0.00149,3,29.81,0.00656,10,2.1,0.31,1,0.6376,0.2353,20.08,12.87,0.008006741,0.12723,4.521,0.221,3.6629517,0.540258363
RC2_F1_O_O16,Offices,Single Cellular Office,9.56,25.91,1,2.71,5,1,6.1,0.00134,3,29.13,0.00641,10,2.1,0.344,1,0.6376,0.2353,20.08,12.87,0.007998103,0.12734,4.489,0.219,3.2993794,0.540881869
RC2_F1_O_O17,Offices,Single Cellular Office,10.63,28.79,1,2.71,5,1,6.78,0.00149,3,29.81,0.00656,10,2.1,0.31,1,0.6376,0.2353,20.13,12.92,0.008116536,0.12722,4.403,0.215,3.6626638,0.5402159
RC2_F1_O_O18,Offices,Shared Cellular Offices,15,40.65,1,2.71,5,1,6.78,0.00149,3,42.68,0.00939,10,2.1,0.31,3,0.4517,0.1667,20.3,13.1,0.009288772,0.0904,3.732,0.182,3.67476,0.542
RC2_F1_O_O19,Offices,Shared Cellular Offices,12.94,35.06,1,2.71,185,1,6.1,0.00134,3,37.26,0.0082,10,2.1,0.344,2,0.4713,0.1739,21.48,14.27,0.007733568,0.38128,7.523,0.367,13.3676768,2.191422426
RC2_F1_O_O20,Offices,Shared Cellular Offices,14.37,38.96,1,2.71,95,1,6.78,0.00149,3,37.94,0.00835,10,2.1,0.31,2,0.4713,0.1739,20.24,13.03,0.008101339,0.04255,4.994,0.244,1.657748,0.244505605
RC2_F1_O_O21,Offices,Shared Cellular Offices,15.81,42.85,1,2.71,95,1,7.45,0.00164,3,38.62,0.0085,10,2.1,0.282,3,0.4713,0.1739,20.35,13.14,0.00851981,0.04045,4.629,0.226,1.7332825,0.232655369
RC2_F1_O_O22,Offices,Shared Cellular Offices,23.75,64.36,1,2.71,275,1,12.87,0.00283,4,39.97,0.00879,10,6.3,0.489,5,0.542,0.2,18.98,11.77,0.007274617,0.51518,6.777,0.331,33.1569848,2.576300295
RC2_F1_O_O23,Offices,Shared Cellular Offices,17.25,46.75,1,2.71,95,1,8.13,0.00179,3,39.3,0.00864,10,2.1,0.258,3,0.4713,0.1739,20.45,13.24,0.0088692,0.03954,4.721,0.23,1.848495,0.227367159
RC2_F1_O_O25,Offices,Single Cellular Office,10,27.1,1,2.71,140,2,9.49,0.00209,3,25.75,0.00566,10,2.1,0.221,1,0.9485,0.35,19.42,12.22,0.00634151,0.52814,9.514,0.464,14.312594,1.508176396
RC2_F1_O_O26,Offices,Single Cellular Office,9,24.39,1,2.71,185,1,6.1,0.00134,3,27.78,0.00611,10,2.1,0.344,1,0.6775,0.25,19.36,12.15,0.006327251,0.50105,8.672,0.423,12.2206095,2.003378607
RC2_F1_O_O27,Offices,Single Cellular Office,10,27.1,1,2.71,185,1,6.78,0.00149,3,28.46,0.00626,10,2.1,0.31,1,0.6775,0.25,19.54,12.33,0.006336566,0.49551,8.592,0.419,13.428321,1.980578319
RC2_F1_O_O28,Offices,Single Cellular Office,10,27.1,1,2.71,185,1,6.78,0.00149,3,28.46,0.00626,10,2.1,0.31,1,0.6775,0.25,19.95,12.74,0.006348657,0.47371,8.48,0.414,12.837541,1.893442625
RC2_F1_O_O29,Offices,Single Cellular Office,9,24.39,1,2.71,185,1,6.1,0.00134,3,27.78,0.00611,10,2.1,0.344,1,0.6775,0.25,20.38,13.18,0.006436295,0.47227,8.441,0.412,11.5186653,1.888305787
RC2_F1_O_O30,Offices,Single Cellular Office,10,27.1,1,2.71,185,1,6.78,0.00149,3,28.46,0.00626,10,2.1,0.31,1,0.6775,0.25,20.73,13.52,0.006496484,0.47145,8.433,0.412,12.776295,1.884409292
RC2_F1_O_O31,Offices,Single Cellular Office,10,27.1,1,2.71,185,1,6.78,0.00149,3,28.46,0.00626,10,2.1,0.31,1,0.6775,0.25,21.18,13.97,0.006543717,0.47208,8.451,0.412,12.793368,1.886927434
RC2_F1_O_O32,Offices,Single Cellular Office,9,24.39,1,2.71,185,1,6.1,0.00134,3,27.78,0.00611,10,2.1,0.344,1,0.6775,0.25,21.58,14.38,0.006571827,0.47332,8.479,0.414,11.5442748,1.892504066
RC2_F1_O_O33,Offices,Single Cellular Office,10,27.1,1,2.71,185,1,6.78,0.00149,3,28.46,0.00626,10,2.1,0.31,1,0.6775,0.25,21.63,14.42,0.006584606,0.47269,8.472,0.413,12.809899,1.889365634
RC2_F1_O_O34,Offices,Single Cellular Office,11,29.81,1,2.71,185,1,7.45,0.00164,3,29.13,0.00641,10,2.1,0.282,1,0.6775,0.25,21.71,14.5,0.006625379,0.47246,8.463,0.413,14.0840326,1.890474174
RC2_F1_O_O35,Offices,Shared Cellular Offices,12.81,34.72,1,2.71,185,1,5.42,0.00119,4,40.65,0.00894,10,2.1,0.387,2,0.423,0.1561,21.71,14.5,0.007790238,0.29913,6.95,0.339,10.3857936,1.916198081
RC2_F1_O_O36,Offices,Shared Cellular Offices,15,40.65,1,2.71,5,1,6.78,0.00149,3,39.3,0.00864,10,2.1,0.31,3,0.4517,0.1667,19.75,12.54,0.007582515,0.10433,4.779,0.233,4.2410145,0.625518363
RC2_F1_O_O37,Offices,Shared Cellular Offices,20.25,54.88,1,2.71,5,1,6.78,0.00149,3,52.85,0.01163,10,2.1,0.31,5,0.3346,0.1235,20.28,13.07,0.008017954,0.07748,4.401,0.215,4.2521024,0.627153746
RC2_F2_EF_LR01,Educational Facilities,Lecture Rooms,40,108.4,2,2.71,140,2,37.94,0.00835,2,37.94,0.00835,10,8.4,0.221,27,0.9485,0.35,19.53,12.32,0.007707411,0.4257,8.593,0.419,46.14588,1.216285714
RC2_F2_EF_SR01,Educational Facilities,Computer Rooms,92.25,250,2,2.71,5,2,37.94,0.00835,5,81.3,0.01789,10,10.5,0.277,37,0.4113,0.1518,21.13,13.92,0.009702169,0.18002,5.364,0.262,45.005,1.186215076
RC2_F2_EF_SR02,Educational Facilities,Computer Rooms,77,208.67,2,2.71,320,2,14.91,0.00328,4,84.01,0.01848,10,4.2,0.282,31,0.1936,0.0714,20.14,12.93,0.010029747,0.14272,3.997,0.195,29.7813824,1.997409953
RC2_F2_EF_SR03,Educational Facilities,Computer Rooms,170.69,462.56,2,2.71,185,2,69.11,0.0152,6,60.71,0.01336,10,23.1,0.334,68,0.4049,0.1494,20.73,13.53,0.010307827,0.13237,4.406,0.215,61.2290672,0.885965377
RC2_F2_O_O01,Offices,Shared Cellular Offices,20,54.2,2,2.71,275,1,10.84,0.00238,3,37.94,0.00835,10,2.1,0.194,4,0.542,0.2,18.97,11.76,0.007198497,0.52595,6.85,0.334,28.50649,2.62975
RC2_F2_O_O02,Offices,Shared Cellular Offices,12.5,33.88,2,2.71,275,1,6.78,0.00149,3,33.88,0.00745,10,2.1,0.31,2,0.542,0.2,19.1,11.89,0.007030629,0.53921,7.061,0.345,18.2684348,2.69445941
RC2_F2_O_O03,Offices,Shared Cellular Offices,12.5,33.88,2,2.71,275,1,6.78,0.00149,3,33.88,0.00745,10,2.1,0.31,2,0.542,0.2,19.26,12.05,0.007011804,0.54146,7.152,0.349,18.3446648,2.705702773
RC2_F2_O_O04,Offices,Shared Cellular Offices,12.5,33.88,2,2.71,275,1,6.78,0.00149,3,33.88,0.00745,10,2.1,0.31,2,0.542,0.2,19.35,12.14,0.007029996,0.54114,7.172,0.35,18.3338232,2.704103717
RC2_F2_O_O05,Offices,Shared Cellular Offices,21.25,57.59,2,2.71,275,1,11.52,0.00253,3,38.62,0.0085,10,2.1,0.182,5,0.542,0.2,19.41,12.2,0.007145923,0.53666,7.11,0.347,30.9062494,2.682834149
RC2_F2_O_O06,Offices,Shared Cellular Offices,13.75,37.26,2,2.71,275,1,7.45,0.00164,3,34.55,0.0076,10,2.1,0.282,2,0.542,0.2,19.6,12.39,0.007101659,0.5477,7.224,0.353,20.407302,2.739235168
RC2_F2_O_O07,Offices,Open Offices,63.25,171.41,2,2.71,230,2,26.42,0.00581,5,75.2,0.01654,10,12.6,0.477,14,0.4177,0.1541,20.21,13,0.007452786,0.43074,7.368,0.36,73.8331434,2.794592861
RC2_F2_O_O08,Offices,Shared Cellular Offices,12.94,35.06,2,2.71,95,1,6.1,0.00134,3,37.26,0.0082,10,2.1,0.344,2,0.4713,0.1739,21,13.79,0.00862183,0.05659,4.747,0.232,1.9840454,0.325253344
RC2_F2_O_O09,Offices,Shared Cellular Offices,12.94,35.06,2,2.71,95,1,6.1,0.00134,3,37.26,0.0082,10,2.1,0.344,2,0.4713,0.1739,20.87,13.66,0.009153192,0.05648,4.605,0.225,1.9801888,0.324621115
RC2_F2_O_O10,Offices,Shared Cellular Offices,14.37,38.96,2,2.71,95,1,6.78,0.00149,3,37.94,0.00835,10,2.1,0.31,2,0.4713,0.1739,20.24,13.03,0.009040502,0.05582,4.585,0.224,2.1747472,0.320759174
RC2_F2_O_O11,Offices,Shared Cellular Offices,14.37,38.96,2,2.71,95,1,6.78,0.00149,3,37.94,0.00835,10,2.1,0.31,2,0.4713,0.1739,19.89,12.68,0.00887686,0.05545,4.609,0.225,2.160332,0.318633038
RC2_F2_O_O12,Offices,Shared Cellular Offices,14.37,38.96,2,2.71,95,1,6.78,0.00149,3,37.94,0.00835,10,2.1,0.31,2,0.4713,0.1739,19.67,12.46,0.008677645,0.05514,4.728,0.231,2.1482544,0.316851681
RC2_F2_O_O13,Offices,Shared Cellular Offices,15.81,42.85,2,2.71,50,2,10.84,0.00238,3,35.23,0.00775,10,4.2,0.387,3,0.6855,0.253,19.35,12.14,0.008009271,0.10948,5.858,0.286,4.691218,0.432769188
RC2_F2_O_O14,Offices,Shared Cellular Offices,34.5,93.5,2,2.71,50,2,31.84,0.00701,3,31.84,0.00701,10,8.4,0.264,8,0.923,0.3406,18.96,11.76,0.007862385,0.16388,6.357,0.31,15.32278,0.48124309
RC2_F2_O_O15,Offices,Shared Cellular Offices,28.5,77.24,2,2.71,5,1,12.87,0.00283,3,45.39,0.00999,10,4.2,0.326,6,0.4517,0.1667,19.54,12.33,0.008374263,0.12967,5.021,0.245,10.0157108,0.778221507
RC2_F2_O_O16,Offices,Shared Cellular Offices,22.5,60.98,2,2.71,5,1,10.16,0.00224,3,42.68,0.00939,10,2.1,0.207,5,0.4517,0.1667,19.77,12.56,0.008662738,0.1083,4.199,0.205,6.604134,0.650013189
RC2_F2_O_O17,Offices,Shared Cellular Offices,13.5,36.59,2,2.71,5,1,6.1,0.00134,3,38.62,0.0085,10,2.1,0.344,2,0.4517,0.1667,19.93,12.72,0.008299736,0.09821,4.73,0.231,3.5935039,0.589099
RC2_F2_O_O18,Offices,Shared Cellular Offices,15,40.65,2,2.71,5,1,6.78,0.00149,3,39.3,0.00864,10,2.1,0.31,3,0.4517,0.1667,19.97,12.76,0.008628437,0.09694,4.304,0.21,3.940611,0.581211062
RC2_F2_O_O19,Offices,Shared Cellular Offices,15,40.65,2,2.71,5,1,6.78,0.00149,3,39.3,0.00864,10,2.1,0.31,3,0.4517,0.1667,20.03,12.82,0.008720167,0.09667,4.21,0.205,3.9296355,0.579592257
RC2_F2_O_O20,Offices,Single Cellular Office,10.13,27.44,2,2.71,5,1,6.1,0.00134,3,30.49,0.00671,10,2.1,0.344,1,0.6022,0.2222,20.13,12.92,0.00845442,0.12773,4.774,0.233,3.5049112,0.574575607
RC2_F2_O_O21,Offices,Shared Cellular Offices,12.94,35.06,2,2.71,185,1,6.1,0.00134,3,37.26,0.0082,10,2.1,0.344,2,0.4713,0.1739,21.73,14.52,0.007781585,0.3788,7.553,0.369,13.280728,2.177168525
RC2_F2_O_O22,Offices,Shared Cellular Offices,14.37,38.96,2,2.71,185,1,6.78,0.00149,3,37.94,0.00835,10,2.1,0.31,2,0.4713,0.1739,21.77,14.57,0.007925539,0.37952,7.644,0.373,14.7860992,2.18084059
RC2_F2_O_O23,Offices,Shared Cellular Offices,14.37,38.96,2,2.71,185,1,6.78,0.00149,3,37.94,0.00835,10,2.1,0.31,2,0.4713,0.1739,21.6,14.4,0.007793888,0.38165,7.739,0.378,14.869084,2.193080236
RC2_F2_O_O24,Offices,Shared Cellular Offices,12.94,35.06,2,2.71,185,1,6.1,0.00134,4,37.26,0.0082,10,2.1,0.344,2,0.4713,0.1739,21.19,13.98,0.007526295,0.39359,7.62,0.372,13.7992654,2.262174656
RC2_F2_O_O25,Offices,Single Cellular Office,11.25,30.49,2,2.71,275,1,6.1,0.00134,3,33.2,0.0073,10,2.1,0.344,1,0.542,0.2,19.02,11.82,0.007065986,0.4879,6.849,0.334,14.876071,2.438700164
RC2_F2_O_O26,Offices,Single Cellular Office,11.25,30.49,2,2.71,275,1,6.1,0.00134,3,33.2,0.0073,10,2.1,0.344,1,0.542,0.2,19.03,11.82,0.007358888,0.48557,6.368,0.311,14.8050293,2.427053984
RC2_F2_O_O27,Offices,Shared Cellular Offices,14.25,38.62,2,2.71,185,1,12.87,0.00283,3,29.13,0.00641,10,4.2,0.326,2,0.9033,0.3333,22.59,15.38,0.009099196,0.28448,6.704,0.327,10.9866176,0.853661041
RC2_F3_EF_DL01,Educational Facilities,Computer Rooms,43.37,117.55,3,2.71,50,2,27.1,0.00596,3,46.07,0.01014,10,6.3,0.232,17,0.6248,0.2305,19.21,12,0.008245335,0.13688,6.384,0.312,16.090244,0.593735941
RC2_F3_EF_SR01,Educational Facilities,Computer Rooms,100.25,271.68,3,2.71,5,1,30.49,0.00671,6,107.72,0.0237,10,8.4,0.276,40,0.3041,0.1122,19.86,12.66,0.008025636,0.07407,6.016,0.294,20.1233376,0.659997953
RC2_F3_O_O01,Offices,Single Cellular Office,9.75,26.42,3,2.71,230,2,16.94,0.00373,2,16.94,0.00373,10,2.1,0.124,1,1.7372,0.641,18.44,11.23,0.005346391,1.38163,12.328,0.602,36.5026646,2.154820815
RC2_F3_O_O02,Offices,Shared Cellular Offices,15.06,40.82,3,2.71,275,1,11.52,0.00253,3,31.84,0.00701,10,2.1,0.182,3,0.7646,0.2822,18.97,11.76,0.006367295,0.70047,8.111,0.396,28.5931854,2.482047344
RC2_F3_O_O03,Offices,Shared Cellular Offices,15,40.65,3,2.71,275,1,10.84,0.00238,3,31.17,0.00686,10,4.2,0.387,3,0.7227,0.2667,19.63,12.42,0.00665901,0.66846,7.711,0.376,27.172899,2.506725
RC2_F3_O_O04,Offices,Shared Cellular Offices,15.06,40.82,3,2.71,275,1,11.52,0.00253,3,31.84,0.00701,10,2.1,0.182,3,0.7646,0.2822,19.67,12.46,0.006586291,0.70871,7.89,0.385,28.9295422,2.511244983
RC2_F3_O_O05,Offices,Single Cellular Office,9.75,26.42,3,2.71,275,1,8.13,0.00179,3,25.75,0.00566,10,2.1,0.258,1,0.8338,0.3077,19.48,12.28,0.005857876,0.78361,8.236,0.402,20.7029762,2.546491538
RC2_F3_O_O06,Offices,Shared Cellular Offices,22.31,60.47,3,2.71,95,1,14.23,0.00313,3,41.33,0.00909,10,4.2,0.295,5,0.6376,0.2353,20.14,12.93,0.0086184,0.04364,4.596,0.224,2.6389108,0.185446999
RC2_F3_O_O07,Offices,Single Cellular Office,9.56,25.91,3,2.71,95,1,6.1,0.00134,3,33.2,0.0073,10,2.1,0.344,1,0.6376,0.2353,19.54,12.33,0.006940945,0.0486,6.46,0.315,1.259226,0.206430492
RC2_F3_O_O08,Offices,Shared Cellular Offices,14.63,39.63,3,2.71,275,1,12.2,0.00268,3,29.81,0.00656,10,4.2,0.344,2,0.8338,0.3077,19.84,12.63,0.006679911,0.79174,8.272,0.404,31.3766562,2.571857066
RC2_F3_O_O09,Offices,Shared Cellular Offices,13,35.23,3,2.71,275,1,10.84,0.00238,3,28.46,0.00626,10,2.1,0.194,2,0.8338,0.3077,20.18,12.97,0.006592969,0.80345,8.697,0.424,28.3055435,2.6112125
RC2_F3_O_O10,Offices,Open Offices,80.37,217.82,3,2.71,320,2,56.91,0.01252,4,60.98,0.01341,10,12.6,0.221,18,0.7081,0.2613,19.34,12.13,0.007252545,0.3545,7.477,0.365,77.21719,1.356829907
RC2_F3_O_O11,Offices,Shared Cellular Offices,17,46.07,3,2.71,5,1,11.52,0.00253,3,33.2,0.0073,10,4.2,0.365,3,0.6775,0.25,19.05,11.84,0.008138542,0.14279,5.288,0.258,6.5783353,0.57103605
RC2_F3_O_O12,Offices,Shared Cellular Offices,24.75,67.07,3,2.71,50,2,25.07,0.00552,2,31.84,0.00701,10,4.2,0.168,6,1.0129,0.3738,18.71,11.5,0.007910811,0.17124,6.424,0.314,11.4850668,0.458119936
